date,UNCLASSIFIED_text,UNCLASSIFIED_error,UNCLASSIFIED_blank,LOU_text,LOU_error,LOU_blank,CONFIDENTIAL_text,CONFIDENTIAL_error,CONFIDENTIAL_blank,SECRET_text,SECRET_error,SECRET_blank,OTHER_text,OTHER_error,OTHER_blank,total,total_missing,missing_pct
1973-01-01,1,0,0,1,0,0,1,1,0,0,1,0,0,0,0,5,2,40.0
1973-01-02,7,1,0,1,0,0,1,0,0,0,0,0,0,0,0,10,1,10.0
1973-01-03,7,0,0,1,0,0,1,0,0,0,0,1,0,0,0,10,1,10.0
1973-01-04,0,0,0,2,0,0,0,0,0,0,1,0,0,0,0,3,1,33.33
1973-01-05,0,0,0,1,0,0,0,0,0,0,0,0,0,0,0,1,0,0.0
1973-01-07,4,0,0,3,0,0,1,0,0,0,0,0,0,0,0,8,0,0.0
1973-01-08,3,0,0,0,0,0,0,0,0,0,0,0,0,0,0,3,0,0.0
1973-01-09,2,0,0,1,0,0,2,0,0,0,0,1,0,0,0,6,1,16.67
1973-01-10,0,0,0,0,0,0,1,0,0,1,0,0,0,0,0,2,0,0.0
1973-01-11,1,3,0,0,1,0,1,0,0,0,2,0,0,0,0,8,6,75.0
1973-01-12,0,0,0,0,1,0,0,1,0,0,0,0,0,0,0,2,2,100.0
1973-01-13,0,0,0,0,0,0,0,1,0,0,0,0,0,0,0,1,1,100.0
1973-01-14,0,0,0,0,0,0,0,0,0,0,1,0,0,0,0,1,1,100.0
1973-01-15,0,0,0,0,0,0,0,0,0,0,1,0,0,0,0,1,1,100.0
1973-01-16,0,0,0,1,0,0,0,0,0,0,1,0,0,0,0,2,1,50.0
1973-01-17,0,0,0,1,0,0,0,0,0,0,0,0,0,0,0,1,0,0.0
1973-01-18,1,0,0,0,0,0,0,0,0,0,0,0,0,0,0,1,0,0.0
1973-01-21,1,0,0,1,0,0,0,0,0,0,0,0,0,0,0,2,0,0.0
1973-01-23,0,0,0,1,0,0,1,0,0,0,0,0,0,0,0,2,0,0.0
1973-01-27,0,1,0,0,0,0,0,0,0,0,0,0,0,0,0,1,1,100.0
1973-01-29,1,0,0,0,0,0,0,0,0,0,0,0,0,0,0,1,0,0.0
1973-01-30,0,0,0,0,0,0,0,1,0,0,0,0,0,0,0,1,1,100.0
1973-02-01,0,0,0,0,0,0,1,0,0,1,0,0,0,0,0,2,0,0.0
1973-02-05,1,0,0,0,0,0,1,0,0,0,0,0,0,0,0,2,0,0.0
1973-02-06,1,0,0,0,0,0,2,0,0,0,0,0,0,0,0,3,0,0.0
1973-02-08,1,0,0,1,0,0,0,0,0,0,0,0,0,0,0,2,0,0.0
1973-02-09,1,0,0,0,0,0,0,0,0,0,1,0,0,0,0,2,1,50.0
1973-02-10,0,0,0,0,0,0,1,0,0,0,0,0,0,0,0,1,0,0.0
1973-02-13,0,0,0,1,0,0,0,0,0,0,0,1,0,0,0,2,1,50.0
1973-02-19,1,1,0,0,0,0,0,1,0,0,0,0,0,0,0,3,2,66.67
1973-02-21,0,0,0,0,0,0,1,0,0,0,0,0,0,0,0,1,0,0.0
1973-02-24,0,0,0,0,0,0,1,0,0,0,0,0,0,0,0,1,0,0.0
1973-02-26,0,0,0,1,0,0,1,0,0,0,0,0,0,0,0,2,0,0.0
1973-03-01,5,0,0,4,0,0,1,0,0,2,0,0,0,0,0,12,0,0.0
1973-03-02,6,0,0,2,0,0,6,0,0,0,0,0,0,0,0,14,0,0.0
1973-03-03,3,0,0,3,0,0,1,0,0,0,0,0,0,0,0,7,0,0.0
1973-03-04,0,0,0,3,0,0,1,0,0,0,0,0,0,0,0,4,0,0.0
1973-03-05,1,0,0,1,0,0,2,0,0,0,0,0,0,0,0,4,0,0.0
1973-03-06,1,0,0,2,0,0,0,0,0,0,0,0,0,0,0,3,0,0.0
1973-03-07,4,0,0,5,0,0,1,0,0,0,0,0,0,0,0,10,0,0.0
1973-03-08,11,0,0,12,0,0,9,0,0,6,0,0,0,0,0,38,0,0.0
1973-03-09,248,0,0,170,0,0,194,0,0,21,0,0,3,0,0,636,0,0.0
1973-03-10,60,0,0,61,0,0,94,0,0,22,0,0,0,0,0,237,0,0.0
1973-03-11,3,0,0,5,0,0,9,0,0,5,0,0,0,0,0,22,0,0.0
1973-03-12,178,0,0,137,0,0,131,0,0,21,0,0,0,0,0,467,0,0.0
1973-03-13,206,0,0,159,0,0,147,0,0,34,1,0,1,0,0,548,1,0.18
1973-03-14,208,0,0,196,0,0,181,0,0,23,0,0,1,0,0,609,0,0.0
1973-03-15,180,0,0,170,0,0,180,0,0,40,0,0,1,0,0,571,0,0.0
1973-03-16,279,0,0,213,0,0,199,0,0,39,0,0,0,0,0,730,0,0.0
1973-03-17,39,0,0,48,0,0,63,0,0,17,0,0,0,0,0,167,0,0.0
1973-03-18,7,0,0,7,0,0,9,0,0,5,0,0,0,0,0,28,0,0.0
1973-03-19,181,0,0,146,0,0,155,0,0,24,0,0,0,0,0,506,0,0.0
1973-03-20,194,0,0,173,0,0,171,0,0,28,0,0,0,0,0,566,0,0.0
1973-03-21,78,0,0,65,0,0,67,0,0,23,0,0,1,0,0,234,0,0.0
1973-03-22,99,0,0,93,0,0,80,0,0,17,0,0,1,0,0,290,0,0.0
1973-03-23,293,0,0,172,0,0,171,0,0,28,0,0,1,0,0,665,0,0.0
1973-03-24,45,0,1,42,0,0,66,0,0,17,0,0,0,0,0,171,1,0.58
1973-03-25,0,0,0,4,0,0,7,0,0,1,0,0,0,0,0,12,0,0.0
1973-03-26,189,0,0,158,0,0,139,0,0,34,0,0,1,0,0,521,0,0.0
1973-03-27,189,0,0,171,0,1,172,0,0,41,0,0,0,0,0,574,1,0.17
1973-03-28,207,0,0,169,0,0,204,0,0,28,0,0,1,0,0,609,0,0.0
1973-03-29,238,0,0,167,0,0,232,0,0,43,0,0,1,0,0,681,0,0.0
1973-03-30,241,0,0,197,0,0,169,0,0,33,0,0,0,0,0,640,0,0.0
1973-03-31,61,0,0,51,0,0,94,0,0,19,0,0,0,0,0,225,0,0.0
1973-04-01,7,0,0,10,0,1,15,0,0,6,0,0,0,0,0,39,1,2.56
1973-04-02,213,0,0,144,0,0,160,0,0,22,0,0,0,0,0,539,0,0.0
1973-04-03,235,0,0,179,0,0,156,0,0,55,0,0,0,0,0,625,0,0.0
1973-04-04,220,0,0,161,0,0,167,0,0,33,0,0,1,0,0,582,0,0.0
1973-04-05,210,0,0,157,0,0,194,0,0,42,0,0,0,0,0,603,0,0.0
1973-04-06,248,0,0,179,0,0,219,0,0,41,0,0,0,0,0,687,0,0.0
1973-04-07,39,0,0,44,0,0,95,0,0,16,0,0,0,0,0,194,0,0.0
1973-04-08,4,0,0,7,0,0,17,0,0,6,0,0,0,0,0,34,0,0.0
1973-04-09,264,0,0,129,0,0,121,0,0,28,0,0,0,0,0,542,0,0.0
1973-04-10,219,0,0,151,0,0,178,0,0,36,0,0,0,0,0,584,0,0.0
1973-04-11,222,0,0,149,0,0,170,0,0,31,0,0,1,0,0,573,0,0.0
1973-04-12,235,0,0,166,0,0,201,0,0,48,0,0,0,0,0,650,0,0.0
1973-04-13,193,0,0,195,0,0,229,0,0,41,0,0,0,0,0,658,0,0.0
1973-04-14,36,0,0,52,0,0,112,0,0,30,0,0,0,0,0,230,0,0.0
1973-04-15,6,0,0,10,0,0,21,0,0,10,0,0,0,0,0,47,0,0.0
1973-04-16,167,0,0,122,0,0,141,0,0,39,0,0,1,0,0,470,0,0.0
1973-04-17,196,0,0,174,0,0,226,0,0,47,0,0,1,0,0,644,0,0.0
1973-04-18,169,0,1,172,0,0,150,3,0,34,0,0,1,0,0,530,4,0.75
1973-04-19,173,0,0,163,0,0,182,0,0,27,0,0,0,0,0,545,0,0.0
1973-04-20,119,0,0,121,0,0,165,0,0,27,0,0,0,0,0,432,0,0.0
1973-04-21,58,0,0,55,0,0,110,0,0,34,0,0,1,0,0,258,0,0.0
1973-04-22,4,0,0,4,0,0,13,0,0,6,0,0,0,0,0,27,0,0.0
1973-04-23,96,0,0,85,0,0,100,0,0,11,0,0,1,0,0,293,0,0.0
1973-04-24,161,0,0,113,0,0,142,0,0,20,0,0,0,0,0,436,0,0.0
1973-04-25,196,0,0,194,0,0,196,0,0,22,0,0,0,0,0,608,0,0.0
1973-04-26,176,0,1,174,0,0,179,0,0,29,0,0,1,0,0,560,1,0.18
1973-04-27,114,0,0,92,0,0,97,0,0,19,0,0,0,0,0,322,0,0.0
1973-04-28,40,0,0,46,0,0,55,0,0,18,0,0,0,0,0,159,0,0.0
1973-04-29,9,0,0,6,0,0,7,0,0,6,0,0,0,0,0,28,0,0.0
1973-04-30,145,1,0,103,1,0,119,0,0,12,0,0,1,0,0,382,2,0.52
1973-05-01,40,0,0,41,0,0,51,0,0,5,0,0,0,0,0,137,0,0.0
1973-05-02,146,0,0,94,0,0,125,0,0,16,0,0,0,0,0,381,0,0.0
1973-05-03,99,0,0,83,0,0,112,0,0,24,0,0,0,0,0,318,0,0.0
1973-05-04,173,0,0,168,0,0,191,0,0,22,0,0,0,0,0,554,0,0.0
1973-05-05,25,0,0,22,0,0,61,0,0,15,0,0,0,0,0,123,0,0.0
1973-05-06,9,0,0,5,0,0,8,0,0,3,0,0,0,0,0,25,0,0.0
1973-05-07,155,0,0,149,0,0,142,0,0,20,0,0,0,0,0,466,0,0.0
1973-05-08,178,0,0,180,0,0,203,0,0,29,0,0,3,0,0,593,0,0.0
1973-05-09,158,0,0,127,0,0,151,0,0,22,0,0,2,0,0,460,0,0.0
1973-05-10,204,0,0,168,0,0,197,0,0,26,0,0,1,0,0,596,0,0.0
1973-05-11,185,0,0,203,0,0,197,0,0,30,0,0,0,0,0,615,0,0.0
1973-05-12,30,0,0,29,0,0,72,0,0,21,0,0,0,0,0,152,0,0.0
1973-05-13,1,0,0,0,0,0,6,0,0,0,0,0,0,0,0,7,0,0.0
1973-05-14,186,0,0,166,0,0,159,0,0,17,0,0,0,0,0,528,0,0.0
1973-05-15,215,0,0,154,0,0,179,0,0,23,0,0,0,0,0,571,0,0.0
1973-05-16,185,0,0,155,0,0,175,0,0,30,0,0,0,0,0,545,0,0.0
1973-05-17,214,0,0,181,0,0,172,0,0,31,0,0,1,0,0,599,0,0.0
1973-05-18,238,0,0,204,0,0,223,0,0,52,0,0,0,0,0,717,0,0.0
1973-05-19,48,0,0,39,0,0,81,0,0,29,0,0,2,0,0,199,0,0.0
1973-05-20,6,0,0,3,0,0,6,0,0,4,0,0,0,0,0,19,0,0.0
1973-05-21,57,0,0,41,0,0,38,0,0,9,0,0,0,0,0,145,0,0.0
1973-05-22,197,0,0,154,0,0,204,0,0,48,0,0,0,0,0,603,0,0.0
1973-05-23,157,0,0,128,0,0,154,0,0,31,0,0,0,0,0,470,0,0.0
1973-05-24,219,0,0,166,0,0,198,0,0,47,0,0,0,0,0,630,0,0.0
1973-05-25,116,0,0,91,0,0,117,0,0,38,0,0,2,0,0,364,0,0.0
1973-05-26,6,0,0,6,0,0,13,1,0,5,0,0,0,0,0,31,1,3.23
1973-05-27,0,0,0,1,0,0,2,2,0,1,0,0,0,0,0,6,2,33.33
1973-05-28,2,0,0,3,0,0,3,1,0,3,0,0,0,0,0,12,1,8.33
1973-05-29,97,0,0,61,0,0,55,0,0,9,0,0,0,0,0,222,0,0.0
1973-05-30,145,0,0,109,0,0,97,1,0,33,0,0,1,0,0,386,1,0.26
1973-05-31,96,0,0,104,0,0,107,0,0,14,0,0,0,0,0,321,0,0.0
1973-06-01,89,0,0,62,1,0,60,0,0,13,4,0,0,0,0,229,5,2.18
1973-06-02,5,0,0,3,1,0,3,0,0,4,0,0,0,0,0,16,1,6.25
1973-06-03,5,0,0,1,0,0,2,1,0,0,0,0,0,0,0,9,1,11.11
1973-06-04,2,2,0,1,0,0,1,6,0,2,0,0,0,0,0,14,8,57.14
1973-06-05,3,0,0,0,0,0,1,2,0,0,0,0,0,0,0,6,2,33.33
1973-06-06,1,0,0,0,0,0,4,2,0,0,1,0,0,0,0,8,3,37.5
1973-06-07,9,1,0,8,0,0,7,2,0,6,0,0,0,0,0,33,3,9.09
1973-06-08,145,0,0,108,1,0,102,1,0,15,0,0,3,0,0,375,2,0.53
1973-06-09,30,0,0,42,0,0,82,0,0,22,0,0,0,0,0,176,0,0.0
1973-06-10,3,0,0,6,0,0,14,0,0,4,0,0,0,0,0,27,0,0.0
1973-06-11,0,0,0,0,0,0,1,0,0,0,0,0,0,0,0,1,0,0.0
1973-06-12,0,0,0,0,0,0,1,0,0,0,0,0,0,0,0,1,0,0.0
1973-06-13,3,0,0,1,0,0,1,0,0,0,0,0,0,0,0,5,0,0.0
1973-06-14,95,0,0,64,0,0,68,0,0,17,0,0,0,0,0,244,0,0.0
1973-06-15,189,0,0,165,0,0,147,0,0,29,0,0,1,0,0,531,0,0.0
1973-06-16,44,0,0,36,0,0,48,0,0,17,0,0,0,0,0,145,0,0.0
1973-06-17,1,0,0,4,0,0,16,0,0,0,0,0,0,0,0,21,0,0.0
1973-06-18,199,3,0,129,0,0,148,0,0,29,0,0,1,0,0,509,3,0.59
1973-06-19,160,3,0,149,0,0,143,0,0,20,0,0,0,0,0,475,3,0.63
1973-06-20,181,0,0,171,0,0,154,0,0,22,0,0,0,0,0,528,0,0.0
1973-06-21,128,0,0,142,0,0,136,0,0,45,0,0,0,0,0,451,0,0.0
1973-06-22,189,1,0,203,0,0,159,0,0,31,0,0,0,0,0,583,1,0.17
1973-06-23,51,0,0,41,0,0,49,0,0,15,0,0,0,0,0,156,0,0.0
1973-06-24,8,0,0,4,0,0,12,0,0,7,0,0,0,0,0,31,0,0.0
1973-06-25,191,0,0,155,0,0,127,0,0,31,0,0,1,0,0,505,0,0.0
1973-06-26,202,35,0,145,12,0,154,4,0,21,0,0,3,0,0,576,51,8.85
1973-06-27,207,22,0,134,9,0,177,5,0,29,0,0,0,0,0,583,36,6.17
1973-06-28,194,34,0,183,5,0,169,0,0,22,0,0,0,0,0,607,39,6.43
1973-06-29,185,105,0,151,33,0,129,28,0,17,1,1,1,0,0,651,168,25.81
1973-06-30,29,6,0,30,5,0,31,4,0,12,0,0,0,0,0,117,15,12.82
1973-07-01,15,8,0,20,1,1,13,4,0,4,1,0,0,0,0,67,15,22.39
1973-07-02,343,30,3,139,13,1,97,15,1,13,14,1,0,0,0,670,78,11.64
1973-07-03,430,35,0,192,22,1,105,24,0,17,29,2,0,0,0,857,113,13.19
1973-07-04,74,1,1,34,1,1,24,6,2,15,9,4,0,0,0,172,25,14.53
1973-07-05,330,118,0,161,56,1,109,48,3,15,23,2,0,0,0,866,251,28.98
1973-07-06,13,636,1,7,289,3,8,202,3,0,45,1,0,0,0,1208,1180,97.68
1973-07-07,3,96,0,3,70,1,1,67,2,1,18,1,0,0,0,263,255,96.96
1973-07-08,3,35,0,0,15,0,2,41,0,0,9,0,0,0,0,105,100,95.24
1973-07-09,228,286,0,113,100,0,71,97,2,7,26,3,0,0,0,933,514,55.09
1973-07-10,463,28,1,199,12,0,143,19,1,15,16,0,0,0,0,897,77,8.58
1973-07-11,416,21,2,199,10,1,111,7,1,30,16,1,0,0,0,815,59,7.24
1973-07-12,391,26,1,152,12,0,128,20,1,23,22,1,0,0,0,777,83,10.68
1973-07-13,447,19,0,206,15,3,151,16,0,22,4,2,0,0,0,885,59,6.67
1973-07-14,64,6,0,65,3,0,52,7,2,7,6,1,0,0,0,213,25,11.74
1973-07-15,16,4,0,10,0,0,5,1,0,3,5,2,0,0,0,46,12,26.09
1973-07-16,356,14,2,148,10,0,140,13,0,18,16,1,0,0,0,718,56,7.8
1973-07-17,362,33,2,186,17,1,127,19,2,25,14,1,0,0,0,789,89,11.28
1973-07-18,413,17,4,196,12,0,164,27,1,28,25,1,0,0,0,888,87,9.8
1973-07-19,353,24,4,189,8,2,176,30,2,37,20,3,0,0,0,848,93,10.97
1973-07-20,471,30,1,207,13,3,164,21,1,20,15,1,0,0,0,947,85,8.98
1973-07-21,72,15,1,38,10,0,54,17,0,21,12,1,0,0,0,241,56,23.24
1973-07-22,8,8,0,4,9,0,16,7,0,5,7,2,0,0,0,66,33,50.0
1973-07-23,362,29,0,160,28,4,112,24,2,27,14,1,0,0,0,763,102,13.37
1973-07-24,336,25,1,141,7,0,138,19,2,18,12,0,0,0,0,699,66,9.44
1973-07-25,403,20,0,165,17,0,148,13,0,25,18,1,0,0,0,810,69,8.52
1973-07-26,190,45,0,99,15,0,66,26,1,9,20,0,0,0,0,471,107,22.72
1973-07-27,328,105,3,201,35,0,122,35,1,23,25,0,0,0,0,878,204,23.23
1973-07-28,67,4,0,32,8,0,40,4,0,13,6,1,0,0,0,175,23,13.14
1973-07-29,17,1,0,6,0,0,4,0,0,6,3,0,0,0,0,37,4,10.81
1973-07-30,328,15,2,143,4,1,120,4,1,12,18,2,0,0,0,650,47,7.23
1973-07-31,368,21,0,181,8,1,137,13,1,22,24,0,0,0,0,776,68,8.76
1973-08-01,400,24,0,182,9,3,138,15,1,39,14,2,0,0,0,827,68,8.22
1973-08-02,417,19,1,208,12,0,126,14,2,24,13,1,2,0,0,839,62,7.39
1973-08-03,518,29,4,232,14,2,153,26,4,30,21,2,1,0,0,1036,102,9.85
1973-08-04,61,10,0,41,1,1,61,6,3,14,13,1,0,0,0,212,35,16.51
1973-08-05,15,4,0,4,6,0,6,2,0,2,4,0,0,0,0,43,16,37.21
1973-08-06,343,26,2,150,4,1,89,15,4,15,7,1,0,0,0,657,60,9.13
1973-08-07,358,22,1,164,7,0,119,15,0,19,21,0,0,0,0,726,66,9.09
1973-08-08,401,22,3,184,5,3,127,15,1,28,11,1,0,0,0,801,61,7.62
1973-08-09,403,21,1,220,15,0,108,11,1,18,13,1,0,0,0,812,63,7.76
1973-08-10,448,28,1,226,13,1,151,15,0,15,18,1,2,0,0,919,77,8.38
1973-08-11,63,6,1,36,4,1,48,6,1,13,4,2,0,0,0,185,25,13.51
1973-08-12,12,4,0,9,1,0,8,0,1,3,6,1,0,0,0,45,13,28.89
1973-08-13,365,29,3,188,4,4,113,12,2,19,12,5,0,0,0,756,71,9.39
1973-08-14,375,24,1,172,19,2,115,14,1,31,20,0,0,0,0,774,81,10.47
1973-08-15,343,13,0,151,5,3,112,8,0,19,5,2,0,0,0,661,36,5.45
1973-08-16,368,19,0,180,8,3,109,11,1,12,6,4,0,0,0,721,52,7.21
1973-08-17,445,22,0,203,13,0,163,18,0,19,14,3,1,0,0,901,70,7.77
1973-08-18,58,6,0,32,5,0,46,3,1,10,11,3,0,0,0,175,29,16.57
1973-08-19,13,7,1,4,0,0,4,0,0,6,3,0,0,0,0,38,11,28.95
1973-08-20,407,26,1,173,3,2,141,11,4,21,14,2,0,0,0,805,63,7.83
1973-08-21,366,27,2,194,8,2,114,18,2,21,13,2,0,0,0,769,74,9.62
1973-08-22,327,19,2,179,8,1,132,13,2,24,20,3,0,0,0,730,68,9.32
1973-08-23,362,24,4,172,9,2,178,20,1,36,20,0,0,0,0,828,80,9.66
1973-08-24,385,28,4,242,17,4,192,29,6,35,14,3,0,0,0,959,105,10.95
1973-08-25,62,6,0,27,0,0,48,12,0,5,5,1,0,0,0,166,24,14.46
1973-08-26,13,3,0,11,1,0,12,8,0,2,0,0,0,0,0,50,12,24.0
1973-08-27,351,22,3,161,14,0,142,18,2,26,10,0,0,0,0,749,69,9.21
1973-08-28,330,34,2,179,11,0,151,12,1,20,11,1,0,0,0,752,72,9.57
1973-08-29,351,51,0,195,19,0,143,31,2,24,14,0,0,0,0,830,117,14.1
1973-08-30,384,29,0,191,11,0,184,21,3,25,15,0,2,0,0,865,79,9.13
1973-08-31,490,25,2,289,12,1,182,23,1,31,15,0,0,0,0,1071,79,7.38
1973-09-01,85,6,0,50,5,0,54,9,0,16,12,1,0,0,0,238,33,13.87
1973-09-02,22,5,0,10,0,0,10,3,0,2,1,0,0,0,0,53,9,16.98
1973-09-03,42,11,0,22,4,0,13,4,0,6,5,1,0,0,0,108,25,23.15
1973-09-04,363,22,2,169,8,0,134,18,0,21,16,1,1,0,0,755,67,8.87
1973-09-05,365,35,1,215,10,0,149,24,3,28,13,0,3,0,0,846,86,10.17
1973-09-06,341,11,2,173,11,0,124,12,3,26,17,0,0,0,0,720,56,7.78
1973-09-07,406,22,0,225,8,0,176,24,2,26,22,1,0,0,0,912,79,8.66
1973-09-08,36,4,0,38,5,0,47,8,3,8,7,0,0,0,0,156,27,17.31
1973-09-09,23,4,1,7,3,0,11,3,0,1,7,0,0,0,0,60,18,30.0
1973-09-10,358,22,1,204,16,1,138,17,1,16,13,0,0,0,0,787,71,9.02
1973-09-11,467,21,0,190,11,0,169,12,1,30,9,1,0,0,0,911,55,6.04
1973-09-12,388,26,1,216,12,1,192,26,1,26,14,1,0,0,0,904,82,9.07
1973-09-13,424,26,0,238,8,0,166,18,1,28,12,1,0,0,0,922,66,7.16
1973-09-14,453,29,0,255,14,0,206,33,0,22,18,0,0,0,0,1030,94,9.13
1973-09-15,97,9,0,49,4,0,82,6,0,15,11,0,0,0,0,273,30,10.99
1973-09-16,29,1,0,11,1,0,22,3,0,6,5,1,0,0,0,79,11,13.92
1973-09-17,379,19,0,218,14,0,142,18,0,24,14,1,0,0,0,829,66,7.96
1973-09-18,449,27,1,199,15,1,163,16,2,23,27,1,0,0,0,924,90,9.74
1973-09-19,459,23,1,215,26,0,199,30,1,22,23,2,1,0,0,1002,106,10.58
1973-09-20,394,28,0,205,10,0,147,18,2,22,14,0,0,0,0,840,72,8.57
1973-09-21,455,32,0,236,16,0,172,16,2,35,26,0,0,0,0,990,92,9.29
1973-09-22,65,5,0,47,3,0,56,11,0,7,10,0,0,0,0,204,29,14.22
1973-09-23,12,3,0,7,0,0,11,1,1,5,2,1,0,0,0,43,8,18.6
1973-09-24,362,28,1,186,8,0,150,21,1,34,16,1,2,0,0,810,76,9.38
1973-09-25,464,24,0,229,14,0,186,28,1,38,19,1,0,0,0,1004,87,8.67
1973-09-26,435,15,0,221,14,0,199,18,0,37,18,1,0,0,0,958,66,6.89
1973-09-27,429,20,0,221,14,0,170,21,0,24,19,1,0,0,0,919,75,8.16
1973-09-28,528,27,0,252,10,0,194,23,0,39,29,1,0,0,0,1103,90,8.16
1973-09-29,93,8,0,61,3,0,83,10,0,26,8,0,0,0,0,292,29,9.93
1973-09-30,14,2,0,4,1,0,11,2,0,10,2,0,0,0,0,46,7,15.22
1973-10-01,399,31,1,192,17,0,136,42,3,24,75,7,0,0,0,927,176,18.99
1973-10-02,347,12,1,203,17,0,149,10,0,29,16,1,0,0,0,785,57,7.26
1973-10-03,376,23,0,243,9,1,152,26,0,37,23,0,0,0,0,890,82,9.21
1973-10-04,439,19,1,220,9,0,177,9,1,32,18,1,0,0,0,926,58,6.26
1973-10-05,465,35,0,275,16,0,138,22,1,31,25,1,1,0,0,1010,100,9.9
1973-10-06,58,5,0,44,2,0,62,6,0,27,11,0,1,0,0,216,24,11.11
1973-10-07,23,5,0,11,1,0,48,5,0,19,7,0,0,0,0,119,18,15.13
1973-10-08,47,4,0,34,6,0,68,12,0,28,16,0,0,0,0,215,38,17.67
1973-10-09,299,22,0,186,13,0,116,16,0,49,28,0,0,0,0,729,79,10.84
1973-10-10,415,22,0,228,13,1,171,25,0,48,32,1,0,0,0,956,94,9.83
1973-10-11,395,17,0,201,12,0,175,21,0,66,34,0,0,0,0,921,84,9.12
1973-10-12,348,29,0,187,8,0,122,20,0,41,42,1,1,0,0,799,100,12.52
1973-10-13,62,11,0,46,10,0,68,14,0,33,27,2,0,0,0,273,64,23.44
1973-10-14,26,1,0,15,3,0,44,4,0,18,4,0,0,0,0,115,12,10.43
1973-10-15,410,26,1,200,9,1,167,23,0,53,20,1,0,0,0,911,81,8.89
1973-10-16,407,13,2,222,13,1,204,21,1,82,34,3,0,0,0,1003,88,8.77
1973-10-17,345,9,0,165,8,0,161,14,1,46,32,2,1,0,0,784,66,8.42
1973-10-18,390,52,2,201,35,1,177,28,1,70,31,5,0,0,0,993,155,15.61
1973-10-19,338,94,4,209,50,0,156,48,2,56,43,4,0,0,0,1004,245,24.4
1973-10-20,50,33,0,59,22,2,67,33,2,54,39,2,0,0,0,363,133,36.64
1973-10-21,2,36,0,1,12,0,2,28,0,0,45,2,0,0,0,128,123,96.09
1973-10-22,17,16,0,30,14,0,51,22,0,17,33,0,0,0,0,200,85,42.5
1973-10-23,213,109,1,121,46,1,111,32,0,35,29,1,0,0,0,699,219,31.33
1973-10-24,367,37,0,178,28,1,177,37,3,60,33,2,1,0,0,924,141,15.26
1973-10-25,351,27,1,190,10,1,164,12,1,49,25,1,0,0,0,832,78,9.38
1973-10-26,430,27,2,246,15,2,224,33,0,52,39,3,0,0,0,1073,121,11.28
1973-10-27,55,10,1,79,2,0,100,9,0,37,21,0,0,0,0,314,43,13.69
1973-10-28,12,5,0,7,1,0,10,4,0,11,14,1,0,0,0,65,25,38.46
1973-10-29,168,52,0,92,14,1,69,27,0,28,30,1,0,0,0,482,125,25.93
1973-10-30,251,4,3,136,7,2,93,25,1,35,48,3,0,0,0,608,93,15.3
1973-10-31,401,22,3,218,18,3,194,33,1,45,42,2,0,0,0,982,124,12.63
1973-11-01,294,8,4,178,11,2,186,27,0,31,19,0,0,0,0,760,71,9.34
1973-11-02,419,19,2,232,17,2,213,39,1,46,13,2,2,0,0,1007,95,9.43
1973-11-03,80,4,0,76,8,1,123,19,1,37,37,3,1,0,0,390,73,18.72
1973-11-04,14,3,0,20,2,0,44,8,0,9,9,1,0,0,0,110,23,20.91
1973-11-05,268,14,1,161,12,1,128,12,0,26,26,1,0,0,0,650,67,10.31
1973-11-06,371,16,1,217,20,1,198,35,3,40,32,1,1,0,0,936,109,11.65
1973-11-07,377,20,0,206,8,1,236,38,6,34,31,3,0,0,0,960,107,11.15
1973-11-08,342,22,1,200,9,2,179,24,1,50,38,5,0,0,0,873,102,11.68
1973-11-09,364,28,0,240,13,2,206,24,4,63,45,2,1,0,0,992,118,11.9
1973-11-10,128,8,0,110,6,0,146,23,2,57,26,4,0,0,0,510,69,13.53
1973-11-11,16,2,0,5,0,0,17,7,0,22,13,0,0,0,0,82,22,26.83
1973-11-12,315,17,3,193,12,3,153,27,3,37,27,2,0,0,0,792,94,11.87
1973-11-13,363,21,1,244,24,3,182,20,3,59,34,3,0,0,0,957,109,11.39
1973-11-14,359,14,3,213,14,1,185,22,6,42,38,4,0,0,0,901,102,11.32
1973-11-15,377,28,2,249,9,2,160,24,1,32,24,2,0,0,0,910,92,10.11
1973-11-16,432,25,3,282,9,1,139,27,1,42,33,1,0,0,0,995,100,10.05
1973-11-17,83,4,0,54,7,1,65,3,0,24,10,0,0,0,0,251,25,9.96
1973-11-18,8,5,0,10,4,0,6,1,0,3,14,0,0,0,0,51,24,47.06
1973-11-19,395,23,1,194,13,4,136,19,0,29,22,1,0,0,0,837,83,9.92
1973-11-20,459,28,4,231,15,4,167,19,3,53,21,0,0,0,0,1004,94,9.36
1973-11-21,414,24,0,241,12,1,186,34,1,46,17,2,0,0,0,978,91,9.3
1973-11-22,69,4,2,57,3,3,63,1,1,14,4,0,0,0,0,221,18,8.14
1973-11-23,425,15,2,204,10,1,150,26,2,40,18,0,0,0,0,893,74,8.29
1973-11-24,72,3,0,57,0,1,69,11,2,20,10,2,0,0,0,247,29,11.74
1973-11-25,19,4,0,5,4,0,6,9,1,4,6,0,0,0,0,58,24,41.38
1973-11-26,253,101,3,157,55,0,113,40,2,28,32,0,2,0,0,786,233,29.64
1973-11-27,82,376,1,44,186,5,26,204,3,6,52,1,0,0,0,986,828,83.98
1973-11-28,408,15,1,199,17,3,160,26,0,36,29,1,0,0,0,895,92,10.28
1973-11-29,409,19,2,208,8,3,168,36,3,39,23,1,0,0,0,919,95,10.34
1973-11-30,427,26,6,234,22,3,218,26,4,38,11,4,1,0,0,1020,102,10.0
1973-12-01,82,5,1,63,1,1,82,9,1,32,20,1,0,0,0,298,39,13.09
1973-12-02,37,4,0,14,1,0,19,3,0,7,5,0,0,0,0,90,13,14.44
1973-12-03,364,16,4,180,16,3,142,19,2,32,21,1,0,0,0,800,82,10.25
1973-12-04,360,21,3,205,6,0,212,33,0,36,21,1,1,0,0,899,85,9.45
1973-12-05,365,18,6,210,14,5,192,31,2,37,14,2,2,0,0,898,92,10.24
1973-12-06,387,22,2,220,17,1,190,10,3,47,16,0,1,0,0,916,71,7.75
1973-12-07,372,29,4,263,16,4,215,32,2,35,11,2,0,0,0,985,100,10.15
1973-12-08,48,6,0,58,4,1,78,8,2,32,18,2,1,0,0,258,41,15.89
1973-12-09,8,4,0,6,5,0,13,4,0,6,11,0,0,0,0,57,24,42.11
1973-12-10,304,19,4,201,13,2,156,11,1,22,27,1,0,0,0,761,78,10.25
1973-12-11,360,21,10,189,11,5,145,26,3,25,39,2,4,0,0,840,117,13.93
1973-12-12,331,17,1,204,12,0,158,18,3,30,28,1,0,0,0,803,80,9.96
1973-12-13,292,23,0,148,13,0,148,18,0,24,33,0,0,0,0,699,87,12.45
1973-12-14,416,10,2,198,19,4,171,15,1,30,37,3,0,0,0,906,91,10.04
1973-12-15,79,5,1,54,4,0,75,8,1,32,25,1,1,0,0,286,45,15.73
1973-12-16,18,4,0,15,1,0,22,10,0,2,18,0,0,0,0,90,33,36.67
1973-12-17,305,19,1,175,9,2,132,8,1,22,18,1,0,0,0,693,59,8.51
1973-12-18,389,39,0,172,9,2,147,18,3,23,47,1,0,0,0,850,119,14.0
1973-12-19,361,27,1,222,9,2,176,24,1,47,35,1,0,0,0,906,100,11.04
1973-12-20,439,15,3,187,11,4,163,21,3,23,23,0,0,0,0,892,80,8.97
1973-12-21,413,31,4,258,14,4,143,13,1,38,16,0,0,0,0,935,83,8.88
1973-12-22,94,3,2,63,1,0,97,5,1,32,9,0,0,0,0,307,21,6.84
1973-12-23,12,4,0,12,4,0,14,2,0,5,5,0,0,0,0,58,15,25.86
1973-12-24,14,2,0,9,1,0,12,1,0,8,2,0,0,0,0,49,6,12.24
1973-12-25,6,0,0,0,0,0,0,1,0,2,2,1,0,0,0,12,4,33.33
1973-12-26,215,13,1,139,4,1,68,5,3,11,12,0,0,0,0,472,39,8.26
1973-12-27,308,12,1,161,4,2,113,15,2,20,13,0,0,0,0,651,49,7.53
1973-12-28,368,32,2,189,14,0,121,14,1,25,14,0,0,0,0,780,77,9.87
1973-12-29,70,5,1,53,2,0,35,2,0,22,12,0,0,0,0,202,22,10.89
1973-12-30,13,6,0,6,3,1,11,1,0,5,17,0,0,0,0,63,28,44.44
1973-12-31,29,0,0,17,0,0,21,0,0,7,5,0,0,0,0,79,5,6.33
1974-01-01,41,3,0,12,1,0,9,1,0,2,2,0,0,0,0,71,7,9.86
1974-01-02,241,46,2,106,9,1,80,17,0,21,22,3,0,0,0,548,100,18.25
1974-01-03,340,7,1,194,2,2,92,3,0,31,20,0,0,0,0,692,35,5.06
1974-01-04,396,6,1,169,2,1,117,9,0,22,31,0,0,0,0,754,50,6.63
1974-01-05,58,2,0,45,1,0,50,1,1,17,12,2,0,0,0,189,19,10.05
1974-01-06,15,0,2,10,0,1,6,0,0,4,3,0,0,0,0,41,6,14.63
1974-01-07,306,10,5,165,3,1,99,7,2,28,10,0,0,0,0,636,38,5.97
1974-01-08,394,12,1,209,6,1,118,8,1,20,13,0,0,0,0,783,42,5.36
1974-01-09,430,16,0,194,6,0,155,14,0,52,33,0,0,0,0,900,69,7.67
1974-01-10,418,6,0,259,1,1,175,4,0,40,21,1,0,0,0,926,34,3.67
1974-01-11,535,8,2,258,2,0,180,10,0,26,13,0,1,0,0,1035,35,3.38
1974-01-12,97,5,0,72,3,0,69,4,0,23,21,0,0,0,0,294,33,11.22
1974-01-13,14,0,0,7,0,0,14,0,0,7,4,1,0,0,0,47,5,10.64
1974-01-14,398,3,0,192,4,0,146,10,1,31,15,1,0,0,0,801,34,4.24
1974-01-15,409,6,1,222,2,0,123,15,0,37,10,1,0,0,0,826,35,4.24
1974-01-16,448,7,1,228,6,0,151,17,0,36,15,0,2,0,0,911,46,5.05
1974-01-17,478,10,0,237,3,0,172,23,0,37,39,0,1,0,0,1000,75,7.5
1974-01-18,515,35,4,231,13,0,214,25,0,35,19,0,0,0,0,1091,96,8.8
1974-01-19,87,0,0,45,1,1,66,2,0,23,10,0,0,0,0,235,14,5.96
1974-01-20,32,0,2,17,0,1,33,4,2,16,13,0,0,0,0,120,22,18.33
1974-01-21,442,4,0,227,3,0,162,9,0,30,21,0,0,0,0,898,37,4.12
1974-01-22,502,10,1,237,4,1,169,9,0,32,14,1,0,0,0,980,40,4.08
1974-01-23,458,8,2,198,2,0,160,15,0,28,24,0,1,0,0,896,51,5.69
1974-01-24,481,10,1,220,2,1,182,10,2,27,18,1,0,0,0,955,45,4.71
1974-01-25,545,3,0,241,3,0,230,9,0,30,14,1,1,0,0,1077,30,2.79
1974-01-26,85,2,0,51,2,0,60,1,0,17,10,0,0,0,0,228,15,6.58
1974-01-27,18,0,1,7,0,0,13,0,0,8,2,0,0,0,0,49,3,6.12
1974-01-28,412,8,0,199,0,0,184,9,0,37,15,0,0,0,0,864,32,3.7
1974-01-29,497,4,0,227,3,0,180,14,0,52,13,1,0,0,0,991,35,3.53
1974-01-30,508,7,0,256,1,0,191,15,1,43,19,0,1,0,0,1042,43,4.13
1974-01-31,462,3,0,263,1,0,196,7,0,43,27,1,0,0,0,1003,39,3.89
1974-02-01,586,10,0,319,3,1,228,16,2,59,22,0,1,0,0,1247,54,4.33
1974-02-02,73,2,0,69,1,0,73,5,0,34,19,1,0,0,0,277,28,10.11
1974-02-03,11,0,1,9,0,0,11,0,0,5,8,0,0,0,0,45,9,20.0
1974-02-04,450,4,0,198,0,1,161,10,0,37,26,0,1,0,0,888,41,4.62
1974-02-05,455,4,0,237,5,0,202,7,0,36,18,0,0,0,0,964,34,3.53
1974-02-06,483,8,1,246,2,0,224,16,0,52,26,0,2,0,0,1060,53,5.0
1974-02-07,474,5,1,290,3,0,204,15,1,49,30,0,1,0,0,1073,55,5.13
1974-02-08,578,14,1,317,4,0,225,13,1,35,16,0,2,0,0,1206,49,4.06
1974-02-09,75,2,0,51,0,0,49,5,0,30,21,0,0,0,0,233,28,12.02
1974-02-10,14,0,0,11,0,1,18,1,1,6,7,0,0,0,0,59,10,16.95
1974-02-11,429,2,1,216,3,2,170,4,0,28,15,0,0,0,0,870,27,3.1
1974-02-12,420,2,1,269,2,0,203,11,1,44,21,0,0,0,0,974,38,3.9
1974-02-13,492,3,0,304,2,0,229,23,0,39,21,1,0,0,0,1114,50,4.49
1974-02-14,466,5,0,275,1,1,214,11,1,43,18,0,1,0,0,1036,37,3.57
1974-02-15,637,9,1,309,3,0,228,13,0,31,18,0,1,0,0,1250,44,3.52
1974-02-16,108,2,0,80,1,0,102,5,0,16,15,0,0,0,0,329,23,6.99
1974-02-17,26,0,0,12,0,0,25,1,0,1,5,0,0,0,0,70,6,8.57
1974-02-18,45,3,0,29,2,0,39,10,0,8,3,0,0,0,0,139,18,12.95
1974-02-19,482,3,1,213,2,0,180,7,1,33,16,0,0,0,0,938,30,3.2
1974-02-20,475,7,1,278,3,0,229,21,1,43,18,0,2,0,0,1078,51,4.73
1974-02-21,374,36,0,169,17,0,193,38,1,36,29,2,1,0,0,896,123,13.73
1974-02-22,422,12,1,194,6,0,169,17,0,26,32,0,0,0,0,879,68,7.74
1974-02-23,116,1,0,67,1,0,93,9,1,23,16,1,0,0,0,328,29,8.84
1974-02-24,26,0,0,11,0,0,21,2,0,15,6,0,0,0,0,81,8,9.88
1974-02-25,328,5,0,173,6,0,158,13,0,40,26,2,0,0,0,751,52,6.92
1974-02-26,447,4,0,219,11,0,190,21,0,53,24,0,0,0,0,969,60,6.19
1974-02-27,456,5,0,221,5,1,206,12,1,42,19,0,0,0,0,968,43,4.44
1974-02-28,527,3,1,311,4,0,216,20,0,53,21,0,0,0,0,1156,49,4.24
1974-03-01,597,8,1,309,7,0,268,24,0,54,22,0,0,0,0,1290,62,4.81
1974-03-02,82,1,0,58,2,0,107,6,0,36,13,0,1,0,0,306,22,7.19
1974-03-03,18,0,0,12,0,0,31,2,0,9,6,0,0,0,0,78,8,10.26
1974-03-04,460,7,1,229,5,0,156,15,1,33,29,0,0,0,0,936,58,6.2
1974-03-05,540,5,1,259,0,0,190,13,1,44,23,0,0,0,0,1076,43,4.0
1974-03-06,530,3,0,236,4,0,188,17,0,36,35,1,3,0,0,1053,60,5.7
1974-03-07,530,2,0,246,3,0,175,10,0,36,15,0,0,0,0,1017,30,2.95
1974-03-08,585,15,0,298,3,0,188,16,0,39,18,1,0,0,0,1163,53,4.56
1974-03-09,76,0,0,69,0,0,73,2,0,29,13,2,0,0,0,264,17,6.44
1974-03-10,13,0,0,6,0,0,12,2,0,7,4,0,0,0,0,44,6,13.64
1974-03-11,445,1,0,216,3,0,146,10,0,37,18,1,0,0,0,877,33,3.76
1974-03-12,531,6,0,267,3,0,183,13,0,36,17,0,1,0,0,1057,39,3.69
1974-03-13,503,3,2,248,5,0,168,13,0,26,16,0,0,0,0,984,39,3.96
1974-03-14,541,5,0,280,4,1,188,12,1,33,18,0,0,0,0,1083,41,3.79
1974-03-15,664,3,0,262,1,0,197,11,1,43,22,1,2,0,0,1207,39,3.23
1974-03-16,77,2,0,84,0,0,76,6,0,19,25,0,0,0,0,289,33,11.42
1974-03-17,13,1,0,7,0,0,15,0,0,5,6,0,0,0,0,47,7,14.89
1974-03-18,519,6,1,200,3,0,149,5,0,21,21,0,0,0,0,925,36,3.89
1974-03-19,534,4,0,227,1,0,167,8,2,29,19,1,0,0,0,992,35,3.53
1974-03-20,514,5,0,238,4,0,171,3,2,25,21,0,0,0,0,983,35,3.56
1974-03-21,538,7,1,262,7,0,192,8,1,43,17,0,0,0,0,1076,41,3.81
1974-03-22,625,2,0,312,6,0,226,10,0,39,20,0,2,0,0,1242,38,3.06
1974-03-23,73,2,0,79,3,0,70,8,0,29,25,1,0,0,0,290,39,13.45
1974-03-24,12,0,0,7,0,0,11,0,0,1,3,0,0,0,0,34,3,8.82
1974-03-25,502,8,0,246,6,0,145,11,0,29,26,0,0,0,0,973,51,5.24
1974-03-26,558,12,0,252,2,1,170,7,1,31,34,0,1,0,0,1069,57,5.33
1974-03-27,535,3,0,286,9,0,187,21,1,52,45,0,0,0,0,1139,79,6.94
1974-03-28,588,7,0,304,3,0,224,10,0,29,30,0,0,0,0,1195,50,4.18
1974-03-29,634,3,1,329,9,0,241,10,1,46,25,0,1,0,0,1300,49,3.77
1974-03-30,84,0,0,66,0,0,75,2,0,28,20,2,0,0,0,277,24,8.66
1974-03-31,15,0,0,11,0,0,15,1,0,6,6,0,0,0,0,54,7,12.96
1974-04-01,505,6,0,254,2,0,156,6,0,28,15,2,0,0,0,974,31,3.18
1974-04-02,609,11,0,225,2,0,211,20,0,28,27,0,0,0,0,1133,60,5.3
1974-04-03,515,6,0,240,0,0,224,15,0,39,25,0,1,0,0,1065,46,4.32
1974-04-04,641,11,1,243,1,0,218,7,0,37,21,0,0,0,0,1180,41,3.47
1974-04-05,583,10,0,267,1,0,215,14,0,36,34,0,0,0,0,1160,59,5.09
1974-04-06,95,1,1,52,0,0,69,3,1,21,12,1,0,0,0,256,19,7.42
1974-04-07,25,0,0,9,1,0,13,1,0,5,8,1,0,0,0,63,11,17.46
1974-04-08,534,4,0,260,7,0,168,12,0,31,26,0,0,0,0,1042,49,4.7
1974-04-09,574,13,1,253,3,1,202,7,0,35,20,0,1,0,0,1110,45,4.05
1974-04-10,618,3,0,270,4,1,179,11,0,27,17,0,0,0,0,1130,36,3.19
1974-04-11,541,5,0,267,5,0,156,11,0,40,13,0,0,0,0,1038,34,3.28
1974-04-12,449,2,0,191,1,0,136,11,0,24,22,0,0,0,0,836,36,4.31
1974-04-13,103,2,0,50,0,0,68,2,0,13,13,0,0,0,0,251,17,6.77
1974-04-14,9,0,0,2,0,0,7,1,0,1,2,0,0,0,0,22,3,13.64
1974-04-15,293,3,0,146,2,0,98,3,0,13,12,0,0,0,0,570,20,3.51
1974-04-16,536,8,1,213,2,0,159,8,0,20,14,1,0,0,0,962,34,3.53
1974-04-17,575,2,0,269,4,1,165,7,0,28,17,0,0,0,0,1068,31,2.9
1974-04-18,624,2,1,296,4,0,170,11,0,25,13,0,0,0,0,1146,31,2.71
1974-04-19,693,4,0,320,4,0,223,12,0,31,12,0,0,0,0,1299,32,2.46
1974-04-20,113,1,2,51,1,0,54,2,0,12,32,0,0,0,0,268,38,14.18
1974-04-21,17,0,0,9,1,0,13,0,1,6,9,1,0,0,0,57,12,21.05
1974-04-22,508,7,0,207,3,1,160,10,0,18,11,0,0,0,0,925,32,3.46
1974-04-23,540,8,1,277,1,0,167,10,0,32,35,0,0,0,0,1071,55,5.14
1974-04-24,593,6,2,243,2,1,195,14,0,37,21,1,0,0,0,1115,47,4.22
1974-04-25,500,13,0,243,3,0,202,17,1,21,28,0,1,0,0,1029,62,6.03
1974-04-26,649,8,0,339,6,0,238,14,0,51,18,0,0,0,0,1323,46,3.48
1974-04-27,90,1,0,80,1,0,137,15,0,27,17,1,0,0,0,369,35,9.49
1974-04-28,14,0,0,10,0,0,29,3,1,2,4,1,0,0,0,64,9,14.06
1974-04-29,468,4,1,241,3,0,198,9,0,28,28,0,0,0,0,980,45,4.59
1974-04-30,611,9,0,258,6,0,194,19,0,35,29,0,0,0,0,1161,63,5.43
1974-05-01,343,0,0,147,1,0,157,26,1,33,12,1,1,0,0,722,41,5.68
1974-05-02,547,2,1,229,2,1,210,7,0,29,22,1,1,0,0,1052,36,3.42
1974-05-03,605,5,0,299,3,0,241,20,1,40,21,0,0,0,0,1235,50,4.05
1974-05-04,74,0,0,50,0,0,85,15,0,18,16,0,0,0,0,258,31,12.02
1974-05-05,33,0,0,14,0,0,36,12,1,6,14,0,0,0,0,116,27,23.28
1974-05-06,497,2,2,219,0,0,177,15,0,40,34,0,0,0,0,986,53,5.38
1974-05-07,564,7,1,244,6,0,218,21,1,40,35,0,0,0,0,1137,71,6.24
1974-05-08,576,5,2,212,2,0,189,15,0,43,40,2,1,0,0,1087,66,6.07
1974-05-09,559,8,2,261,9,1,204,11,1,36,24,0,0,0,0,1116,56,5.02
1974-05-10,704,23,0,281,4,0,248,12,0,45,25,1,1,0,0,1344,65,4.84
1974-05-11,86,2,0,51,1,0,59,9,1,19,14,0,0,0,0,242,27,11.16
1974-05-12,30,0,0,7,0,0,16,1,0,8,8,0,0,0,0,70,9,12.86
1974-05-13,551,9,1,185,2,0,147,9,0,30,16,1,0,0,0,951,38,4.0
1974-05-14,546,7,9,214,6,3,195,20,1,49,30,1,0,0,0,1081,77,7.12
1974-05-15,524,5,2,251,2,2,170,8,0,48,45,0,0,0,0,1057,64,6.05
1974-05-16,557,4,0,261,1,1,216,11,0,53,31,2,0,0,0,1137,50,4.4
1974-05-17,652,6,2,308,5,1,214,17,1,55,46,2,0,0,0,1309,80,6.11
1974-05-18,116,3,0,53,2,0,82,11,0,38,28,0,0,0,0,333,44,13.21
1974-05-19,17,0,0,12,0,0,18,0,0,12,16,0,0,0,0,75,16,21.33
1974-05-20,494,4,2,218,1,1,185,12,1,45,20,0,0,0,0,983,41,4.17
1974-05-21,531,5,1,261,4,0,193,15,1,48,23,1,0,0,0,1083,50,4.62
1974-05-22,615,4,1,271,2,0,246,15,1,62,29,0,0,0,0,1246,52,4.17
1974-05-23,471,3,1,179,3,0,193,15,0,63,26,1,0,0,0,955,49,5.13
1974-05-24,684,7,2,297,5,1,240,19,0,54,31,0,0,0,0,1340,65,4.85
1974-05-25,136,1,0,75,1,0,92,8,0,33,21,0,0,0,0,367,31,8.45
1974-05-26,31,2,0,10,1,0,28,4,2,10,5,0,0,0,0,93,14,15.05
1974-05-27,50,2,0,26,3,0,46,9,0,17,9,0,0,0,0,162,23,14.2
1974-05-28,490,4,1,222,5,0,188,5,1,43,12,0,0,0,0,971,28,2.88
1974-05-29,539,9,0,251,4,1,174,22,1,59,35,0,0,0,0,1095,72,6.58
1974-05-30,649,13,2,265,4,1,216,10,0,60,35,0,0,0,0,1255,65,5.18
1974-05-31,739,7,0,285,2,0,235,16,0,66,32,0,0,0,0,1382,57,4.12
1974-06-01,90,2,0,55,0,0,89,6,2,23,21,0,0,0,0,288,31,10.76
1974-06-02,19,0,0,16,0,0,28,3,0,5,22,0,0,0,0,93,25,26.88
1974-06-03,441,2,3,185,1,0,164,8,0,38,39,0,0,0,0,881,53,6.02
1974-06-04,575,8,0,234,4,0,172,16,0,44,34,0,0,0,0,1087,62,5.7
1974-06-05,611,6,1,267,4,0,187,13,1,45,33,0,0,0,0,1168,58,4.97
1974-06-06,557,8,1,241,4,0,229,26,1,41,30,0,0,0,0,1138,70,6.15
1974-06-07,684,8,1,283,6,0,221,27,1,52,33,0,0,0,0,1316,76,5.78
1974-06-08,104,3,0,66,0,0,83,15,0,22,17,0,0,0,0,310,35,11.29
1974-06-09,27,0,0,14,0,0,31,11,0,6,5,0,0,0,0,94,16,17.02
1974-06-10,519,6,0,220,5,0,175,16,0,18,22,0,0,0,0,981,49,4.99
1974-06-11,643,8,0,261,6,0,197,16,0,32,24,0,0,0,0,1187,54,4.55
1974-06-12,605,7,0,219,2,0,247,24,1,38,37,0,0,0,0,1180,71,6.02
1974-06-13,600,4,0,224,4,1,199,23,1,33,39,1,0,0,0,1129,73,6.47
1974-06-14,700,15,2,312,3,0,227,24,0,55,51,0,1,0,0,1390,95,6.83
1974-06-15,100,0,0,94,6,0,97,7,0,33,18,0,0,0,0,355,31,8.73
1974-06-16,35,0,0,17,0,1,16,4,0,6,5,0,0,0,0,84,10,11.9
1974-06-17,497,7,1,178,2,0,178,9,1,36,18,0,0,0,0,927,38,4.1
1974-06-18,563,2,3,212,2,0,189,7,1,30,22,0,0,0,0,1031,37,3.59
1974-06-19,626,6,1,250,1,1,191,12,0,34,10,0,0,0,0,1132,31,2.74
1974-06-20,604,3,0,245,2,0,171,15,0,32,12,2,0,0,0,1086,34,3.13
1974-06-21,612,10,0,258,3,0,211,11,0,49,26,0,0,0,0,1180,50,4.24
1974-06-22,94,0,0,78,1,0,99,8,0,15,16,0,0,0,0,311,25,8.04
1974-06-23,25,0,0,27,0,0,14,2,0,11,4,0,0,0,0,83,6,7.23
1974-06-24,523,5,1,216,2,0,138,12,0,43,14,0,0,0,0,954,34,3.56
1974-06-25,534,4,0,245,5,0,189,16,1,39,21,0,0,0,0,1054,47,4.46
1974-06-26,552,7,1,258,2,0,224,19,1,37,21,1,0,0,0,1123,52,4.63
1974-06-27,589,9,0,289,3,0,209,22,0,47,28,1,0,0,0,1197,63,5.26
1974-06-28,675,7,0,288,2,0,257,19,0,41,23,1,0,0,0,1313,52,3.96
1974-06-29,112,0,0,73,0,0,77,6,0,18,17,0,0,0,0,303,23,7.59
1974-06-30,20,0,0,12,0,0,15,0,0,3,2,0,0,0,0,52,2,3.85
1974-07-01,470,8,0,219,3,0,158,9,1,19,12,0,0,0,0,899,33,3.67
1974-07-02,506,5,0,234,4,0,237,15,0,38,23,0,0,0,0,1062,47,4.43
1974-07-03,559,11,1,298,6,0,211,16,1,45,43,0,0,0,0,1191,78,6.55
1974-07-04,85,2,0,56,2,0,72,2,1,21,17,0,0,0,0,258,24,9.3
1974-07-05,533,9,0,259,3,0,219,9,1,36,27,0,0,0,0,1096,49,4.47
1974-07-06,73,0,0,65,0,0,81,5,0,18,7,0,0,0,0,249,12,4.82
1974-07-07,26,0,0,6,0,0,21,2,0,4,2,0,0,0,0,61,4,6.56
1974-07-08,449,2,1,211,1,0,193,9,1,25,14,1,0,0,0,907,29,3.2
1974-07-09,603,4,2,222,2,0,175,10,1,29,15,0,0,0,0,1063,34,3.2
1974-07-10,582,5,0,223,0,1,203,4,0,25,21,0,0,0,0,1064,31,2.91
1974-07-11,596,2,2,242,2,0,213,7,0,42,19,0,0,0,0,1125,32,2.84
1974-07-12,707,11,1,235,3,0,217,16,1,35,16,0,0,0,0,1242,48,3.86
1974-07-13,108,1,0,59,0,0,83,2,1,26,5,0,0,0,0,285,9,3.16
1974-07-14,30,0,0,17,0,0,20,0,0,8,5,0,0,0,0,80,5,6.25
1974-07-15,517,7,2,198,2,0,170,8,0,30,11,0,0,0,0,945,30,3.17
1974-07-16,559,3,1,178,1,0,206,15,0,51,10,0,0,0,0,1024,30,2.93
1974-07-17,559,6,0,253,3,0,222,13,0,44,16,0,0,0,0,1116,38,3.41
1974-07-18,541,5,0,219,1,0,221,11,1,44,26,0,0,0,0,1069,44,4.12
1974-07-19,575,7,1,269,0,0,254,19,3,39,29,1,0,0,0,1197,60,5.01
1974-07-20,158,3,0,87,1,0,156,4,0,54,30,0,0,0,0,493,38,7.71
1974-07-21,74,0,0,13,0,1,45,5,0,24,27,0,0,0,0,189,33,17.46
1974-07-22,515,3,0,195,1,0,201,5,0,39,29,0,0,0,0,988,38,3.85
1974-07-23,606,2,1,226,1,0,194,5,1,56,31,0,0,0,0,1123,41,3.65
1974-07-24,580,4,1,233,3,0,201,8,1,50,25,0,0,0,0,1106,42,3.8
1974-07-25,609,4,1,229,2,1,225,8,0,43,24,0,0,0,0,1146,40,3.49
1974-07-26,664,6,0,249,2,0,186,8,0,61,17,0,0,0,0,1193,33,2.77
1974-07-27,115,0,0,50,1,0,56,0,0,26,12,0,0,0,0,260,13,5.0
1974-07-28,53,2,0,15,0,0,30,2,0,16,6,0,0,0,0,124,10,8.06
1974-07-29,551,4,1,171,0,0,167,8,0,36,11,1,0,0,0,950,25,2.63
1974-07-30,582,3,0,211,3,0,170,5,0,26,16,0,0,0,0,1016,27,2.66
1974-07-31,604,6,0,237,1,0,180,9,0,31,9,0,0,0,0,1077,25,2.32
1974-08-01,529,4,0,202,2,0,183,14,0,27,12,1,0,0,0,974,33,3.39
1974-08-02,697,6,1,292,2,0,199,4,1,26,9,0,0,0,0,1237,23,1.86
1974-08-03,90,0,0,49,1,0,84,3,0,23,7,0,0,0,0,257,11,4.28
1974-08-04,32,0,0,11,1,1,10,0,0,6,6,0,0,0,0,67,8,11.94
1974-08-05,461,7,1,198,1,0,130,8,0,21,10,0,0,0,0,837,27,3.23
1974-08-06,516,8,0,242,1,0,156,9,0,33,9,0,0,0,0,974,27,2.77
1974-08-07,506,6,0,291,4,0,183,7,0,22,9,0,0,0,0,1028,26,2.53
1974-08-08,537,9,0,255,4,0,171,4,0,27,11,0,0,0,0,1018,28,2.75
1974-08-09,634,7,0,264,1,0,215,9,0,42,50,0,0,0,0,1222,67,5.48
1974-08-10,99,2,0,62,1,0,72,10,0,39,28,0,0,0,0,313,41,13.1
1974-08-11,39,0,0,11,1,0,33,10,0,14,26,1,0,0,0,135,38,28.15
1974-08-12,502,6,0,219,3,0,122,9,0,29,27,0,0,0,0,917,45,4.91
1974-08-13,575,12,0,187,3,0,148,11,0,24,25,0,0,0,0,985,51,5.18
1974-08-14,580,9,0,242,5,0,168,11,0,29,25,0,0,0,0,1069,50,4.68
1974-08-15,488,5,0,202,0,0,126,2,0,26,24,0,0,0,0,873,31,3.55
1974-08-16,626,6,0,255,3,0,178,7,0,25,23,0,0,0,0,1123,39,3.47
1974-08-17,100,0,0,48,1,0,59,2,0,17,8,0,0,0,0,235,11,4.68
1974-08-18,40,1,0,9,0,0,15,0,0,14,8,1,0,0,0,88,10,11.36
1974-08-19,592,2,0,188,2,0,117,8,0,18,11,0,0,0,0,938,23,2.45
1974-08-20,576,3,0,237,4,0,151,7,0,30,17,0,0,0,0,1025,31,3.02
1974-08-21,580,9,0,188,1,1,173,6,0,17,9,0,0,0,0,984,26,2.64
1974-08-22,634,10,1,229,0,0,170,6,1,26,20,1,0,0,0,1098,39,3.55
1974-08-23,667,3,0,269,1,0,192,8,0,28,18,0,0,0,0,1186,30,2.53
1974-08-24,94,0,1,53,0,0,56,3,0,19,19,0,0,0,0,245,23,9.39
1974-08-25,37,1,0,9,0,0,25,0,0,3,6,0,0,0,0,81,7,8.64
1974-08-26,526,5,0,207,1,2,158,3,0,25,6,0,0,0,0,933,17,1.82
1974-08-27,587,20,1,209,2,0,146,9,2,12,7,1,0,0,0,996,42,4.22
1974-08-28,560,8,0,212,5,0,191,10,0,18,11,0,0,0,0,1015,34,3.35
1974-08-29,625,3,2,271,1,0,166,5,0,24,19,0,0,0,0,1116,30,2.69
1974-08-30,709,10,2,301,3,2,208,11,0,21,23,1,0,0,0,1291,52,4.03
1974-08-31,118,1,0,65,1,0,80,5,0,15,17,0,0,0,0,302,24,7.95
1974-09-01,41,0,0,18,0,1,24,0,0,5,9,0,0,0,0,98,10,10.2
1974-09-02,37,0,0,27,1,0,34,2,0,7,11,0,0,0,0,119,14,11.76
1974-09-03,480,1,0,208,3,1,157,6,0,24,17,0,0,0,0,897,28,3.12
1974-09-04,615,8,1,276,2,0,185,8,0,25,11,0,0,0,0,1131,30,2.65
1974-09-05,554,7,1,296,5,0,195,10,0,29,14,1,0,0,0,1112,38,3.42
1974-09-06,705,9,0,321,0,0,246,7,0,19,13,1,0,0,0,1321,30,2.27
1974-09-07,95,2,0,55,0,0,91,4,0,25,6,0,0,0,0,278,12,4.32
1974-09-08,37,1,0,14,0,0,21,0,0,9,4,0,0,0,0,86,5,5.81
1974-09-09,528,6,0,264,4,0,155,5,0,29,12,0,0,0,0,1003,27,2.69
1974-09-10,585,2,2,253,3,0,205,9,0,37,27,0,0,0,0,1123,43,3.83
1974-09-11,668,8,0,278,4,0,245,14,0,34,21,0,1,0,0,1273,47,3.69
1974-09-12,583,9,1,274,3,0,235,12,0,35,19,1,0,0,0,1172,45,3.84
1974-09-13,689,9,2,330,6,0,248,13,0,27,24,0,0,0,0,1348,54,4.01
1974-09-14,152,0,0,81,0,0,104,3,0,16,17,0,0,0,0,373,20,5.36
1974-09-15,25,0,0,11,0,0,34,1,0,3,1,0,0,0,0,75,2,2.67
1974-09-16,468,4,0,242,6,0,202,5,0,21,15,0,0,0,0,963,30,3.12
1974-09-17,506,6,0,252,1,0,173,5,0,30,12,1,0,0,0,986,25,2.54
1974-09-18,549,10,0,265,4,0,214,12,1,35,12,0,0,0,0,1102,39,3.54
1974-09-19,560,8,0,276,4,0,219,15,0,34,9,1,0,0,0,1126,37,3.29
1974-09-20,705,5,0,354,5,0,218,13,0,52,17,0,0,0,0,1369,40,2.92
1974-09-21,98,2,0,74,2,0,96,11,1,15,6,1,0,0,0,306,23,7.52
1974-09-22,45,0,0,9,0,0,26,2,0,4,5,0,0,0,0,91,7,7.69
1974-09-23,477,6,0,259,4,0,155,7,1,38,18,1,0,0,0,966,37,3.83
1974-09-24,577,9,0,275,3,0,177,17,1,40,21,0,0,0,0,1120,51,4.55
1974-09-25,594,4,1,278,5,1,203,12,1,34,26,0,0,0,0,1159,50,4.31
1974-09-26,595,6,0,278,1,0,190,10,0,36,17,0,0,0,0,1133,34,3.0
1974-09-27,672,7,0,353,2,0,245,19,0,33,22,0,0,0,0,1353,50,3.7
1974-09-28,111,2,0,79,0,0,91,4,0,16,5,0,0,0,0,308,11,3.57
1974-09-29,24,0,0,35,1,0,14,0,0,4,4,0,0,0,0,82,5,6.1
1974-09-30,528,9,0,263,7,0,182,7,1,33,18,2,0,0,0,1050,44,4.19
1974-10-01,525,6,1,277,5,0,199,6,0,41,8,0,0,0,0,1068,26,2.43
1974-10-02,581,11,0,245,2,0,193,13,0,46,28,2,0,0,0,1121,56,5.0
1974-10-03,399,187,0,203,70,0,120,32,1,16,14,2,0,0,0,1044,306,29.31
1974-10-04,469,222,0,249,107,0,130,108,0,24,41,0,0,0,0,1350,478,35.41
1974-10-05,84,5,0,76,3,0,103,4,0,21,12,1,0,0,0,309,25,8.09
1974-10-06,20,0,0,10,0,0,19,4,0,6,10,0,0,0,0,69,14,20.29
1974-10-07,480,7,0,243,4,1,166,8,0,31,11,0,0,0,0,951,31,3.26
1974-10-08,539,11,1,296,2,0,246,17,0,32,16,0,0,0,0,1160,47,4.05
1974-10-09,561,18,1,270,3,0,268,18,0,41,13,0,0,0,0,1193,53,4.44
1974-10-10,528,2,0,287,5,0,280,15,0,46,20,1,0,0,0,1184,43,3.63
1974-10-11,668,3,1,295,3,0,276,11,0,45,24,0,0,0,0,1326,42,3.17
1974-10-12,122,2,0,102,1,0,132,9,0,37,14,2,0,0,0,421,28,6.65
1974-10-13,38,0,0,63,1,2,38,5,1,15,5,3,0,0,0,171,17,9.94
1974-10-14,57,0,0,49,1,0,44,9,0,11,15,0,0,0,0,186,25,13.44
1974-10-15,522,8,1,238,4,0,234,13,0,42,14,0,0,0,0,1076,40,3.72
1974-10-16,615,7,0,260,2,1,197,20,0,33,17,0,0,0,0,1152,47,4.08
1974-10-17,543,8,0,221,0,1,198,12,0,36,15,1,0,0,0,1035,37,3.57
1974-10-18,640,7,0,317,2,0,261,15,0,39,19,2,0,0,0,1302,45,3.46
1974-10-19,117,0,0,67,0,0,93,3,0,10,13,1,0,0,0,304,17,5.59
1974-10-20,23,0,0,15,0,0,15,0,0,0,7,0,0,0,0,60,7,11.67
1974-10-21,523,4,1,257,0,1,193,7,0,24,18,0,0,0,0,1028,31,3.02
1974-10-22,556,7,0,276,0,0,259,7,1,23,33,0,0,0,0,1162,48,4.13
1974-10-23,553,8,0,316,4,0,255,20,0,36,36,0,1,0,0,1229,68,5.53
1974-10-24,551,4,0,267,2,0,289,19,1,41,30,1,0,0,0,1205,57,4.73
1974-10-25,575,12,0,352,2,0,298,19,0,49,37,0,0,0,0,1344,70,5.21
1974-10-26,159,1,0,119,0,1,184,13,0,38,24,0,0,0,0,539,39,7.24
1974-10-27,29,0,0,22,0,0,37,3,1,3,7,1,0,0,0,103,12,11.65
1974-10-28,57,8,0,52,2,0,55,5,0,9,9,2,0,0,0,199,26,13.07
1974-10-29,473,7,0,219,3,0,196,15,1,23,22,0,0,0,0,959,48,5.01
1974-10-30,563,10,0,296,6,0,263,18,1,34,28,1,0,0,0,1220,64,5.25
1974-10-31,611,10,0,329,4,0,263,21,2,34,39,0,0,0,0,1313,76,5.79
1974-11-01,525,2,0,297,2,0,298,10,1,40,26,0,0,0,0,1201,41,3.41
1974-11-02,152,1,0,133,2,0,175,14,4,45,25,1,0,0,0,552,47,8.51
1974-11-03,39,1,0,39,1,0,72,3,1,17,10,0,0,0,0,183,16,8.74
1974-11-04,493,9,1,248,0,0,245,18,0,50,18,0,0,0,0,1082,46,4.25
1974-11-05,570,10,0,296,5,0,236,13,1,55,31,0,0,0,0,1217,60,4.93
1974-11-06,500,13,2,269,2,0,291,30,1,54,15,0,0,0,0,1177,63,5.35
1974-11-07,579,7,0,248,1,0,255,27,0,45,34,0,0,0,0,1196,69,5.77
1974-11-08,564,7,0,329,8,0,294,23,0,49,44,2,0,0,0,1320,84,6.36
1974-11-09,131,0,0,98,4,0,149,9,0,37,21,0,0,0,0,449,34,7.57
1974-11-10,32,1,0,28,0,0,56,9,1,7,15,0,0,0,0,149,26,17.45
1974-11-11,440,5,2,211,2,0,173,8,1,39,20,0,0,0,0,901,38,4.22
1974-11-12,502,3,0,235,1,1,233,6,0,24,13,0,0,0,0,1018,24,2.36
1974-11-13,552,3,0,298,5,0,230,20,0,29,30,0,0,0,0,1167,58,4.97
1974-11-14,538,3,0,273,0,0,248,15,0,45,27,0,0,0,0,1149,45,3.92
1974-11-15,647,6,0,308,3,2,284,11,0,40,19,0,0,0,0,1320,41,3.11
1974-11-16,102,3,0,89,0,0,119,7,0,35,24,0,0,0,0,379,34,8.97
1974-11-17,42,0,0,28,0,0,28,1,0,9,8,0,0,0,0,116,9,7.76
1974-11-18,486,7,0,248,1,0,154,13,0,28,22,1,0,0,0,960,44,4.58
1974-11-19,553,4,1,289,8,0,221,23,0,48,33,0,0,0,0,1180,69,5.85
1974-11-20,514,5,0,253,4,0,237,20,0,48,60,0,0,0,0,1141,89,7.8
1974-11-21,582,6,0,272,6,1,273,18,1,41,24,2,0,0,0,1226,58,4.73
1974-11-22,595,6,0,330,5,0,271,14,2,53,20,0,0,0,0,1296,47,3.63
1974-11-23,140,1,0,109,2,0,134,7,1,45,20,0,0,0,0,459,31,6.75
1974-11-24,38,0,1,28,2,1,45,2,0,26,9,0,0,0,0,152,15,9.87
1974-11-25,488,4,2,194,1,0,157,13,0,24,27,0,0,0,0,910,47,5.16
1974-11-26,563,6,0,264,3,0,217,17,1,35,18,0,0,0,0,1124,45,4.0
1974-11-27,645,7,1,350,3,0,275,27,0,56,32,0,0,0,0,1396,70,5.01
1974-11-28,104,0,0,64,0,0,75,1,0,13,17,0,0,0,0,274,18,6.57
1974-11-29,499,3,2,288,3,0,234,21,0,41,21,0,0,0,0,1112,50,4.5
1974-11-30,73,1,0,65,0,0,84,3,0,25,10,0,0,0,0,261,14,5.36
1974-12-01,41,1,0,25,0,0,25,0,0,1,1,0,0,0,0,94,2,2.13
1974-12-02,416,3,0,205,3,0,176,8,0,25,7,0,0,0,0,843,21,2.49
1974-12-03,516,2,1,304,5,0,181,8,0,32,23,0,0,0,0,1072,39,3.64
1974-12-04,528,3,2,271,2,0,206,13,0,38,26,1,0,0,0,1090,47,4.31
1974-12-05,480,3,0,239,1,0,203,8,0,23,9,0,0,0,0,966,21,2.17
1974-12-06,566,6,1,331,2,0,234,19,0,33,27,0,0,0,0,1219,55,4.51
1974-12-07,90,5,0,61,0,0,99,2,1,14,5,0,0,0,0,277,13,4.69
1974-12-08,16,2,0,9,0,0,21,1,0,6,4,0,0,0,0,59,7,11.86
1974-12-09,436,6,1,176,1,0,137,8,0,16,12,0,0,0,0,793,28,3.53
1974-12-10,484,3,1,265,2,0,195,8,0,25,20,0,0,0,0,1003,34,3.39
1974-12-11,529,6,0,270,2,0,219,18,1,29,19,0,0,0,0,1093,46,4.21
1974-12-12,451,1,0,225,2,0,196,6,0,40,18,0,0,0,0,939,27,2.88
1974-12-13,636,4,1,283,5,0,227,6,0,30,28,1,0,0,0,1221,45,3.69
1974-12-14,74,0,0,55,0,0,76,7,0,13,9,0,0,0,0,234,16,6.84
1974-12-15,39,0,0,14,0,0,11,1,0,1,6,1,0,0,0,73,8,10.96
1974-12-16,409,2,1,180,5,0,125,6,0,7,20,0,0,0,0,755,34,4.5
1974-12-17,523,1,0,261,0,0,157,6,0,19,15,1,0,0,0,983,23,2.34
1974-12-18,531,6,0,256,3,0,138,11,0,23,18,1,0,0,0,987,39,3.95
1974-12-19,493,4,1,227,1,0,177,9,0,22,12,0,0,0,0,946,27,2.85
1974-12-20,561,8,0,348,0,0,222,6,0,27,28,0,0,0,0,1200,42,3.5
1974-12-21,80,2,0,48,0,0,60,4,0,14,14,0,0,0,0,222,20,9.01
1974-12-22,21,0,0,11,0,0,19,0,0,7,4,0,0,0,0,62,4,6.45
1974-12-23,470,2,1,234,1,0,164,10,1,11,13,1,0,0,0,908,29,3.19
1974-12-24,338,1,0,187,1,0,136,12,0,11,5,0,0,0,0,691,19,2.75
1974-12-25,8,0,0,0,0,0,2,0,0,2,3,0,0,0,0,15,3,20.0
1974-12-26,282,2,1,119,0,0,94,2,0,10,13,1,0,0,0,524,19,3.63
1974-12-27,396,0,0,201,1,0,132,4,0,9,22,0,0,0,0,765,27,3.53
1974-12-28,63,0,0,47,1,0,52,4,0,8,10,0,0,0,0,185,15,8.11
1974-12-29,37,0,0,16,0,0,18,1,0,6,2,0,0,0,0,80,3,3.75
1974-12-30,399,2,3,159,0,0,121,4,0,14,10,0,0,0,0,712,19,2.67
1974-12-31,420,4,0,196,7,0,127,7,0,17,18,0,0,0,0,796,36,4.52
1975-01-01,34,1,2,25,0,1,18,5,0,1,3,1,0,0,0,91,13,14.29
1975-01-02,353,5,2,146,0,5,87,2,0,12,7,7,0,0,0,626,28,4.47
1975-01-03,483,3,6,201,0,2,166,4,2,18,14,0,0,0,0,899,31,3.45
1975-01-04,72,3,2,37,2,1,66,6,1,14,8,0,0,0,0,212,23,10.85
1975-01-05,27,0,3,19,0,0,18,0,3,4,5,1,0,0,0,80,12,15.0
1975-01-06,380,1,4,162,0,0,131,2,0,13,11,0,0,0,0,704,18,2.56
1975-01-07,502,4,7,208,6,1,172,12,1,21,39,1,1,0,0,975,71,7.28
1975-01-08,552,2,5,253,1,3,160,7,6,23,12,4,0,0,0,1028,40,3.89
1975-01-09,547,2,7,265,2,2,172,5,3,24,20,4,0,0,0,1053,45,4.27
1975-01-10,694,7,4,320,1,4,217,12,0,30,20,1,0,0,0,1310,49,3.74
1975-01-11,100,2,0,69,0,2,60,0,1,15,15,0,0,0,0,264,20,7.58
1975-01-12,26,0,2,24,0,0,12,1,3,5,5,1,0,0,0,79,12,15.19
1975-01-13,517,1,6,230,2,3,118,6,1,22,20,2,0,0,0,928,41,4.42
1975-01-14,565,4,6,244,5,1,192,8,1,23,34,0,1,0,0,1084,59,5.44
1975-01-15,550,7,7,245,1,5,203,15,2,32,42,2,1,0,0,1112,81,7.28
1975-01-16,603,11,13,316,2,0,228,12,5,39,21,2,1,0,0,1253,66,5.27
1975-01-17,624,5,1,290,1,1,228,18,4,43,23,3,1,0,0,1242,56,4.51
1975-01-18,146,0,1,98,1,2,91,2,2,24,15,1,0,0,0,383,24,6.27
1975-01-19,43,3,1,21,1,0,23,2,0,7,4,0,0,0,0,105,11,10.48
1975-01-20,538,5,3,244,4,2,174,2,2,33,13,0,0,0,0,1020,31,3.04
1975-01-21,517,2,0,251,4,4,224,15,6,41,25,3,1,0,0,1093,59,5.4
1975-01-22,569,6,1,260,0,2,219,16,1,42,22,1,0,0,0,1139,49,4.3
1975-01-23,539,11,5,245,3,2,227,14,2,37,19,0,1,0,0,1105,56,5.07
1975-01-24,613,5,0,316,1,6,262,11,4,28,27,0,0,0,0,1273,54,4.24
1975-01-25,128,2,0,72,1,1,90,6,5,28,29,1,0,0,0,363,45,12.4
1975-01-26,34,0,1,17,1,0,24,0,2,5,3,0,0,0,0,87,7,8.05
1975-01-27,483,7,2,208,1,3,205,7,2,36,16,2,2,0,0,974,40,4.11
1975-01-28,634,2,3,296,4,3,202,11,2,31,15,1,0,0,0,1204,41,3.41
1975-01-29,548,8,2,288,3,2,261,18,3,40,26,0,0,0,0,1199,62,5.17
1975-01-30,601,12,5,291,3,6,248,5,7,39,26,1,0,0,0,1244,65,5.23
1975-01-31,598,6,1,342,2,2,262,12,2,33,25,2,0,0,0,1287,52,4.04
1975-02-01,118,0,2,81,0,6,105,5,4,25,13,1,0,0,0,360,31,8.61
1975-02-02,35,0,0,19,0,1,31,0,0,5,3,2,0,0,0,96,6,6.25
1975-02-03,427,10,3,234,2,8,233,8,6,41,28,0,0,0,0,1000,65,6.5
1975-02-04,583,8,6,289,4,8,285,16,5,30,31,3,0,0,0,1268,81,6.39
1975-02-05,548,2,2,257,2,11,245,14,2,36,18,3,0,0,0,1140,54,4.74
1975-02-06,558,1,2,333,1,4,255,12,7,30,31,3,0,0,0,1237,61,4.93
1975-02-07,601,2,1,319,0,6,273,24,3,48,34,4,1,0,0,1316,74,5.62
1975-02-08,112,0,2,95,1,1,115,7,3,17,27,4,0,0,0,384,45,11.72
1975-02-09,16,1,0,23,1,4,31,3,2,8,14,0,0,0,0,103,25,24.27
1975-02-10,488,0,1,246,2,1,196,15,3,33,24,1,0,0,0,1010,47,4.65
1975-02-11,510,6,2,266,8,0,209,28,3,38,23,5,2,0,0,1100,75,6.82
1975-02-12,557,10,6,249,7,2,252,16,5,64,31,1,0,0,0,1200,78,6.5
1975-02-13,616,8,3,349,8,1,314,30,9,48,28,3,1,0,0,1418,90,6.35
1975-02-14,630,7,1,363,6,2,312,20,5,56,34,5,1,0,0,1442,80,5.55
1975-02-15,168,2,2,137,0,1,160,15,3,43,33,2,0,0,0,566,58,10.25
1975-02-16,30,1,0,20,0,1,13,3,3,11,15,3,0,0,0,100,26,26.0
1975-02-17,36,1,0,47,2,0,49,9,2,15,14,1,0,0,0,176,29,16.48
1975-02-18,542,4,1,238,6,1,209,21,2,33,41,1,0,0,0,1099,77,7.01
1975-02-19,612,5,2,264,3,5,236,20,4,30,35,7,0,0,0,1223,81,6.62
1975-02-20,571,9,1,330,5,1,207,16,0,33,22,0,0,0,0,1195,54,4.52
1975-02-21,639,9,1,283,4,1,211,10,2,24,28,4,0,0,0,1216,59,4.85
1975-02-22,94,2,0,67,0,0,85,8,1,10,11,0,0,0,0,278,22,7.91
1975-02-23,26,1,1,18,0,0,16,2,1,3,7,0,0,0,0,75,12,16.0
1975-02-24,584,4,0,232,1,0,212,10,0,29,23,0,1,0,0,1096,38,3.47
1975-02-25,571,4,2,265,2,1,211,29,0,30,26,2,1,0,0,1144,66,5.77
1975-02-26,631,5,1,258,3,1,238,20,0,31,25,1,0,0,0,1214,56,4.61
1975-02-27,620,6,4,306,2,1,213,19,0,32,17,1,0,0,0,1221,50,4.1
1975-02-28,624,3,1,341,2,2,280,19,0,48,22,2,0,0,0,1344,51,3.79
1975-03-01,161,1,0,79,2,1,112,11,0,14,18,1,0,0,0,400,34,8.5
1975-03-02,41,1,0,22,1,0,32,6,2,7,8,2,0,0,0,122,20,16.39
1975-03-03,536,5,4,238,0,0,206,14,2,38,43,0,0,0,0,1086,68,6.26
1975-03-04,650,7,0,346,6,0,210,30,0,41,29,3,2,0,0,1324,75,5.66
1975-03-05,596,0,0,293,5,1,227,30,5,45,33,1,1,0,0,1237,75,6.06
1975-03-06,609,13,3,275,6,2,272,33,3,40,34,2,2,0,0,1294,96,7.42
1975-03-07,624,5,0,309,5,4,270,27,2,51,39,2,0,0,0,1338,84,6.28
1975-03-08,195,0,1,124,1,3,107,21,1,25,40,2,0,0,0,520,69,13.27
1975-03-09,47,0,0,32,2,1,28,14,1,18,28,1,0,0,0,172,47,27.33
1975-03-10,587,5,0,258,2,2,183,13,4,45,30,2,0,0,0,1131,58,5.13
1975-03-11,634,5,4,277,5,2,246,13,1,25,29,1,0,0,0,1242,60,4.83
1975-03-12,603,6,3,301,6,1,278,30,0,36,46,2,1,0,0,1313,94,7.16
1975-03-13,617,2,0,278,6,1,266,29,2,40,60,0,0,0,0,1301,100,7.69
1975-03-14,679,8,3,337,6,0,294,24,0,49,56,1,0,0,0,1457,98,6.73
1975-03-15,175,3,0,86,3,1,131,12,3,23,26,0,0,0,0,463,48,10.37
1975-03-16,42,0,0,17,0,0,25,7,2,11,15,4,0,0,0,123,28,22.76
1975-03-17,510,7,3,269,5,4,208,18,0,28,27,0,0,0,0,1079,64,5.93
1975-03-18,563,9,1,291,4,1,235,14,3,43,43,3,0,0,0,1210,78,6.45
1975-03-19,560,9,1,272,3,3,235,24,6,40,45,8,0,0,0,1206,99,8.21
1975-03-20,618,8,2,308,3,0,291,26,0,45,47,1,0,0,0,1349,87,6.45
1975-03-21,562,6,2,319,5,0,258,21,2,50,50,4,1,0,0,1280,90,7.03
1975-03-22,136,2,0,90,0,1,107,12,0,30,61,0,0,0,0,439,76,17.31
1975-03-23,42,0,1,30,1,0,42,8,0,21,28,0,0,0,0,173,38,21.97
1975-03-24,567,5,3,261,8,2,220,10,1,50,27,2,0,0,0,1156,58,5.02
1975-03-25,603,5,4,307,3,1,224,7,1,70,22,2,1,0,0,1250,45,3.6
1975-03-26,615,7,4,289,2,2,266,14,1,38,23,1,0,0,0,1262,54,4.28
1975-03-27,581,4,2,306,1,1,234,23,1,62,25,0,0,0,0,1240,57,4.6
1975-03-28,442,4,1,218,1,1,178,6,2,38,31,1,1,0,0,924,47,5.09
1975-03-29,69,5,1,47,0,2,109,8,2,25,35,0,0,0,0,303,53,17.49
1975-03-30,19,0,0,18,1,0,19,2,0,10,8,0,0,0,0,77,11,14.29
1975-03-31,397,1,2,174,2,1,153,9,2,36,24,0,0,0,0,801,41,5.12
1975-04-01,585,6,2,243,3,2,228,20,1,41,28,0,0,0,0,1159,62,5.35
1975-04-02,700,12,3,255,2,1,232,8,2,51,23,3,0,0,0,1292,54,4.18
1975-04-03,613,10,2,302,3,2,234,15,0,44,30,1,2,0,0,1258,63,5.01
1975-04-04,671,26,2,292,10,2,272,17,3,46,34,4,0,0,0,1379,98,7.11
1975-04-05,110,1,0,59,2,2,104,4,0,29,12,4,0,0,0,327,25,7.65
1975-04-06,38,0,0,19,0,0,36,2,0,18,3,1,0,0,0,117,6,5.13
1975-04-07,546,5,1,263,3,1,200,6,4,41,14,1,0,0,0,1085,35,3.23
1975-04-08,620,9,6,262,2,0,218,8,0,52,13,0,0,0,0,1190,38,3.19
1975-04-09,640,4,4,312,4,0,234,5,0,57,18,2,0,0,0,1280,37,2.89
1975-04-10,670,11,1,291,1,2,210,9,1,57,37,3,0,0,0,1293,65,5.03
1975-04-11,668,11,2,331,1,1,257,14,1,43,16,1,0,0,0,1346,47,3.49
1975-04-12,103,2,1,59,1,1,99,10,0,28,18,3,0,0,0,325,36,11.08
1975-04-13,39,0,2,9,0,0,47,1,0,8,10,3,0,0,0,119,16,13.45
1975-04-14,561,5,0,255,3,0,201,8,1,37,11,2,1,0,0,1085,30,2.76
1975-04-15,660,7,3,297,1,2,241,10,0,31,8,1,1,0,0,1262,32,2.54
1975-04-16,635,13,3,309,4,3,247,6,1,55,15,2,0,0,0,1293,47,3.63
1975-04-17,598,7,2,323,2,2,230,3,1,47,12,0,1,0,0,1228,29,2.36
1975-04-18,756,15,1,333,2,3,285,11,3,53,8,1,1,0,0,1472,44,2.99
1975-04-19,127,2,0,80,1,0,122,3,1,31,21,2,0,0,0,390,30,7.69
1975-04-20,35,0,0,23,2,0,32,0,1,3,3,1,0,0,0,100,7,7.0
1975-04-21,519,4,2,266,3,3,200,13,0,41,10,2,0,0,0,1063,37,3.48
1975-04-22,620,11,3,283,3,0,254,9,2,38,29,2,0,0,0,1254,59,4.7
1975-04-23,634,8,2,276,1,1,237,12,5,37,12,5,0,0,0,1230,46,3.74
1975-04-24,599,9,1,297,3,2,242,12,2,41,12,2,0,0,0,1222,43,3.52
1975-04-25,769,8,3,362,6,3,254,13,5,53,17,0,2,0,0,1495,55,3.68
1975-04-26,112,3,0,71,1,1,89,8,2,27,7,1,0,0,0,322,23,7.14
1975-04-27,66,0,0,21,0,0,27,3,1,4,1,1,0,0,0,124,6,4.84
1975-04-28,603,6,0,247,2,2,206,8,2,34,10,3,0,0,0,1123,33,2.94
1975-04-29,568,1,3,250,5,1,237,11,5,40,11,1,0,0,0,1133,38,3.35
1975-04-30,654,6,5,296,3,0,265,19,3,28,16,0,0,0,0,1295,52,4.02
1975-05-01,483,2,3,184,0,3,205,15,3,29,13,2,0,0,0,942,41,4.35
1975-05-02,637,3,4,299,1,1,256,4,5,30,14,3,0,0,0,1257,35,2.78
1975-05-03,123,1,1,102,2,2,91,3,4,24,5,0,0,0,0,358,18,5.03
1975-05-04,45,1,0,14,1,1,29,3,0,8,3,0,0,0,0,105,9,8.57
1975-05-05,527,3,5,238,1,2,175,5,2,32,10,0,0,0,0,1000,28,2.8
1975-05-06,674,10,4,287,1,4,208,15,4,40,6,1,0,0,0,1254,45,3.59
1975-05-07,642,6,4,360,0,4,206,28,3,28,10,0,0,0,0,1291,55,4.26
1975-05-08,561,0,8,266,1,2,188,5,3,16,3,1,0,0,0,1054,23,2.18
1975-05-09,618,16,3,320,2,3,243,21,6,19,12,1,2,0,0,1266,64,5.06
1975-05-10,152,0,1,92,1,2,90,10,2,16,2,1,0,0,0,369,19,5.15
1975-05-11,40,0,0,21,0,0,23,1,1,5,7,2,0,0,0,100,11,11.0
1975-05-12,534,7,2,285,3,4,202,17,2,17,11,3,0,0,0,1087,49,4.51
1975-05-13,657,11,3,274,2,2,213,13,2,26,16,1,0,0,0,1220,50,4.1
1975-05-14,656,10,3,341,3,4,253,6,2,42,8,2,1,0,0,1331,38,2.85
1975-05-15,679,12,9,322,3,8,230,9,2,50,10,0,0,0,0,1334,53,3.97
1975-05-16,726,6,6,400,2,2,293,19,1,31,4,1,0,0,0,1491,41,2.75
1975-05-17,113,0,3,95,1,0,121,6,0,31,4,1,0,0,0,375,15,4.0
1975-05-18,33,0,1,35,0,0,35,0,2,9,0,0,0,0,0,115,3,2.61
1975-05-19,485,1,4,225,2,0,181,0,0,49,0,1,0,0,0,948,8,0.84
1975-05-20,716,8,3,296,1,6,238,11,1,60,6,3,1,0,0,1350,39,2.89
1975-05-21,670,7,3,292,0,4,261,8,2,84,10,2,0,0,0,1343,36,2.68
1975-05-22,682,13,7,315,9,10,258,7,4,44,9,0,1,0,0,1359,59,4.34
1975-05-23,745,10,6,343,5,4,246,15,7,45,6,1,0,0,0,1433,54,3.77
1975-05-24,212,1,5,116,0,1,130,7,1,22,1,0,0,0,0,496,16,3.23
1975-05-25,42,2,1,48,0,0,58,0,1,9,3,0,0,0,0,164,7,4.27
1975-05-26,37,1,1,33,1,0,42,5,1,15,3,2,0,0,0,141,14,9.93
1975-05-27,591,5,3,258,2,5,175,7,2,42,5,1,0,0,0,1096,30,2.74
1975-05-28,669,10,2,275,3,3,219,9,1,39,3,3,0,0,0,1236,34,2.75
1975-05-29,604,3,1,261,1,1,286,4,3,40,3,4,0,0,0,1211,20,1.65
1975-05-30,733,7,3,324,2,4,237,7,0,46,4,1,0,0,0,1368,28,2.05
1975-05-31,221,0,1,82,4,0,113,3,2,36,0,2,0,0,0,464,12,2.59
1975-06-01,53,1,0,20,0,0,45,0,0,16,0,1,0,0,0,136,2,1.47
1975-06-02,535,1,3,210,2,4,188,2,2,41,4,2,0,0,0,994,20,2.01
1975-06-03,670,12,1,296,4,3,209,1,0,43,2,3,0,0,0,1244,26,2.09
1975-06-04,672,5,2,326,2,7,190,5,2,33,3,1,0,0,0,1248,27,2.16
1975-06-05,614,5,4,307,4,4,181,8,1,41,2,4,0,0,0,1175,32,2.72
1975-06-06,670,7,4,300,2,2,228,10,1,30,9,1,0,0,0,1264,36,2.85
1975-06-07,169,1,0,82,0,3,106,1,1,23,0,0,0,0,0,386,6,1.55
1975-06-08,42,0,1,14,0,0,21,0,0,12,5,0,0,0,0,95,6,6.32
1975-06-09,624,6,2,252,3,1,145,4,1,34,3,1,0,0,0,1076,21,1.95
1975-06-10,635,5,6,257,0,2,141,9,2,22,4,2,1,0,0,1086,30,2.76
1975-06-11,687,5,2,254,2,2,220,9,1,37,5,0,0,0,0,1224,26,2.12
1975-06-12,673,4,5,308,3,0,205,8,2,28,5,0,1,0,0,1242,27,2.17
1975-06-13,778,7,6,293,9,3,212,5,5,28,3,1,0,0,0,1350,39,2.89
1975-06-14,123,0,0,79,1,1,110,2,1,18,0,1,0,0,0,336,6,1.79
1975-06-15,36,0,0,18,0,0,22,0,0,14,0,0,0,0,0,90,0,0.0
1975-06-16,638,9,4,254,6,1,188,6,4,30,2,1,0,0,0,1143,33,2.89
1975-06-17,719,7,4,251,5,3,187,5,3,27,2,2,0,0,0,1215,31,2.55
1975-06-18,731,7,6,259,6,4,210,10,3,30,6,0,0,0,0,1272,42,3.3
1975-06-19,662,7,2,294,1,2,218,11,2,30,5,1,0,0,0,1235,31,2.51
1975-06-20,764,6,5,323,4,2,217,6,5,32,9,1,0,0,0,1374,38,2.77
1975-06-21,177,0,0,69,2,4,89,3,2,14,4,0,0,0,0,364,15,4.12
1975-06-22,29,0,1,10,0,0,22,0,0,6,1,0,0,0,0,69,2,2.9
1975-06-23,577,7,2,196,3,3,174,5,0,42,7,0,0,0,0,1016,27,2.66
1975-06-24,638,3,7,245,2,1,155,7,0,42,7,0,0,0,0,1107,27,2.44
1975-06-25,604,3,6,255,3,4,213,15,1,33,9,1,0,0,0,1147,42,3.66
1975-06-26,613,4,4,272,3,6,198,8,1,22,1,0,0,0,0,1132,27,2.39
1975-06-27,591,15,4,248,6,1,236,6,4,25,5,1,0,0,0,1142,42,3.68
1975-06-28,300,4,0,158,0,1,118,4,1,24,4,2,0,0,0,616,16,2.6
1975-06-29,48,0,4,23,0,1,23,0,0,7,1,0,0,0,0,107,6,5.61
1975-06-30,634,4,3,244,3,3,202,4,0,34,2,0,0,0,0,1133,19,1.68
1975-07-01,559,7,4,238,1,4,166,3,4,51,7,0,0,0,0,1044,30,2.87
1975-07-02,613,6,4,230,3,5,223,9,1,37,1,0,0,0,0,1132,29,2.56
1975-07-03,706,12,1,345,2,1,276,10,1,59,7,2,0,0,0,1422,36,2.53
1975-07-04,122,1,2,53,0,0,58,3,0,28,2,1,0,0,0,270,9,3.33
1975-07-05,83,1,1,57,0,0,59,2,2,23,6,1,0,0,0,235,13,5.53
1975-07-06,40,0,0,14,0,0,18,0,0,16,1,0,0,0,0,89,1,1.12
1975-07-07,526,2,1,220,5,3,184,4,1,34,5,0,0,0,0,985,21,2.13
1975-07-08,592,2,2,285,8,2,188,13,0,43,7,1,0,0,0,1143,35,3.06
1975-07-09,525,5,2,248,9,2,162,8,0,46,5,0,0,0,0,1012,31,3.06
1975-07-10,732,7,5,281,10,2,239,8,2,56,5,1,0,0,0,1348,40,2.97
1975-07-11,726,9,1,310,6,2,237,17,3,53,8,0,0,0,0,1372,46,3.35
1975-07-12,216,1,2,109,2,2,105,4,0,50,5,0,0,0,0,496,16,3.23
1975-07-13,26,1,0,7,0,0,12,2,0,8,0,0,0,0,0,56,3,5.36
1975-07-14,499,5,2,203,7,0,135,4,1,34,0,0,0,0,0,890,19,2.13
1975-07-15,617,5,2,245,2,0,197,5,3,41,3,0,0,0,0,1120,20,1.79
1975-07-16,695,8,2,267,3,3,225,10,3,32,8,0,0,0,0,1256,37,2.95
1975-07-17,634,2,4,238,3,0,235,3,0,33,4,1,0,0,0,1157,17,1.47
1975-07-18,687,6,5,300,3,3,228,18,1,41,1,1,1,0,0,1295,38,2.93
1975-07-19,118,1,1,61,0,0,94,2,1,22,3,1,0,0,0,304,9,2.96
1975-07-20,23,0,0,19,0,0,32,0,0,16,1,2,0,0,0,93,3,3.23
1975-07-21,506,4,1,239,2,3,175,1,0,37,4,0,0,0,0,972,15,1.54
1975-07-22,637,7,3,276,4,0,219,6,3,40,6,2,0,0,0,1203,31,2.58
1975-07-23,614,1,3,231,6,2,216,6,0,47,7,0,0,0,0,1133,25,2.21
1975-07-24,565,7,0,303,9,3,189,7,1,40,3,0,0,0,0,1127,30,2.66
1975-07-25,684,7,7,316,5,1,258,11,1,55,8,1,1,0,0,1355,41,3.03
1975-07-26,165,1,1,109,0,0,93,1,1,19,3,1,0,0,0,394,8,2.03
1975-07-27,41,1,0,17,0,0,32,1,1,6,0,1,0,0,0,100,4,4.0
1975-07-28,509,6,0,235,2,1,186,6,0,46,11,1,0,0,0,1003,27,2.69
1975-07-29,660,6,4,280,5,2,227,9,1,49,7,0,0,0,0,1250,34,2.72
1975-07-30,641,4,0,255,3,3,227,9,1,37,10,2,0,0,0,1192,32,2.68
1975-07-31,776,1,3,288,3,1,204,8,1,50,10,1,0,0,0,1346,28,2.08
1975-08-01,830,4,7,298,7,3,226,16,2,58,12,5,0,0,0,1468,56,3.81
1975-08-02,116,0,0,73,1,0,92,0,1,32,7,0,0,0,0,322,9,2.8
1975-08-03,36,0,0,23,0,0,24,0,0,10,3,0,0,0,0,96,3,3.12
1975-08-04,580,2,1,206,1,0,247,3,1,32,13,0,0,0,0,1086,21,1.93
1975-08-05,613,4,2,229,0,2,193,11,3,28,17,1,0,0,0,1103,40,3.63
1975-08-06,621,9,2,256,1,3,223,8,0,29,11,1,0,0,0,1164,35,3.01
1975-08-07,649,3,0,255,4,0,195,9,0,26,9,1,0,0,0,1151,26,2.26
1975-08-08,667,5,1,277,4,3,202,9,3,25,13,0,0,0,0,1209,38,3.14
1975-08-09,153,1,0,69,0,1,85,0,0,17,5,0,0,0,0,331,7,2.11
1975-08-10,29,1,0,13,0,0,11,0,0,8,2,1,0,0,0,65,4,6.15
1975-08-11,583,3,1,259,3,1,164,8,1,23,5,2,0,0,0,1053,24,2.28
1975-08-12,689,5,2,271,2,1,219,4,3,29,12,1,0,0,0,1238,30,2.42
1975-08-13,590,1,3,235,2,2,201,6,1,23,6,0,0,0,0,1070,21,1.96
1975-08-14,704,8,3,272,3,1,214,11,0,22,5,1,0,0,0,1244,32,2.57
1975-08-15,556,6,0,271,3,2,200,1,0,34,5,1,0,0,0,1079,18,1.67
1975-08-16,125,0,0,82,0,0,92,0,0,27,0,3,0,0,0,329,3,0.91
1975-08-17,43,0,0,22,0,1,17,0,0,21,0,2,0,0,0,106,3,2.83
1975-08-18,554,3,2,226,2,0,173,2,1,42,8,0,0,0,0,1013,18,1.78
1975-08-19,671,5,1,252,2,1,195,6,2,31,6,0,0,0,0,1172,23,1.96
1975-08-20,743,15,4,266,7,2,239,9,1,42,5,6,0,0,0,1339,49,3.66
1975-08-21,636,7,6,283,3,4,256,7,5,49,6,3,0,0,0,1265,41,3.24
1975-08-22,734,9,4,318,4,0,248,12,1,56,5,1,1,0,0,1393,36,2.58
1975-08-23,161,3,1,102,1,2,112,2,0,45,10,3,0,0,0,442,22,4.98
1975-08-24,40,0,0,21,1,0,23,1,0,20,0,0,0,0,0,106,2,1.89
1975-08-25,553,2,2,247,7,1,179,5,1,43,8,2,0,0,0,1050,28,2.67
1975-08-26,673,7,3,269,7,0,205,10,1,69,11,1,0,0,0,1256,40,3.18
1975-08-27,659,5,0,269,5,1,240,9,2,58,11,2,0,0,0,1261,35,2.78
1975-08-28,696,5,0,286,11,1,230,10,2,57,11,3,0,0,0,1312,43,3.28
1975-08-29,728,8,2,276,3,1,242,4,3,61,10,1,0,0,0,1339,32,2.39
1975-08-30,96,0,0,57,2,0,102,9,1,34,8,2,0,0,0,311,22,7.07
1975-08-31,47,0,0,27,2,3,43,7,1,14,1,1,0,0,0,146,15,10.27
1975-09-01,117,4,1,78,2,4,117,4,3,83,9,12,0,0,0,434,39,8.99
1975-09-02,557,9,2,249,4,1,203,15,0,47,9,3,0,0,0,1099,43,3.91
1975-09-03,787,5,0,274,14,1,209,14,4,52,15,1,0,0,0,1376,54,3.92
1975-09-04,741,5,3,291,4,2,220,9,0,49,6,0,0,0,0,1330,29,2.18
1975-09-05,847,4,1,302,7,0,254,14,1,47,34,1,0,0,0,1512,62,4.1
1975-09-06,137,1,0,56,1,0,89,1,1,28,3,0,0,0,0,317,7,2.21
1975-09-07,38,0,0,16,0,0,13,0,0,13,0,1,0,0,0,81,1,1.23
1975-09-08,610,3,1,236,5,1,150,8,1,34,3,3,1,0,0,1056,25,2.37
1975-09-09,670,10,0,233,8,0,185,9,0,57,10,1,0,0,0,1183,38,3.21
1975-09-10,628,18,1,284,8,3,225,5,1,66,11,7,0,0,0,1257,54,4.3
1975-09-11,651,9,1,303,6,1,240,12,0,68,7,21,0,0,0,1319,57,4.32
1975-09-12,808,18,1,313,10,0,243,20,3,66,9,6,1,0,0,1498,67,4.47
1975-09-13,173,0,0,88,0,0,89,2,0,43,7,1,0,0,0,403,10,2.48
1975-09-14,25,0,0,14,0,0,22,0,0,18,1,2,0,0,0,82,3,3.66
1975-09-15,570,7,3,243,4,0,168,4,2,39,6,0,0,0,0,1046,26,2.49
1975-09-16,721,8,2,244,9,0,196,6,0,65,12,0,0,0,0,1263,37,2.93
1975-09-17,632,6,1,275,5,0,210,16,2,54,11,2,2,0,0,1216,43,3.54
1975-09-18,703,8,1,310,4,4,256,12,4,48,16,1,0,0,0,1367,50,3.66
1975-09-19,707,10,1,300,5,2,234,11,0,50,5,0,0,0,0,1325,34,2.57
1975-09-20,150,1,0,81,1,0,102,4,2,32,7,9,0,0,0,389,24,6.17
1975-09-21,35,1,0,18,0,0,17,0,0,21,0,5,0,0,0,97,6,6.19
1975-09-22,527,6,0,237,2,0,204,5,1,54,9,8,1,0,0,1054,31,2.94
1975-09-23,663,4,0,296,5,0,258,11,2,43,8,0,0,0,0,1290,30,2.33
1975-09-24,627,7,0,271,6,0,228,9,1,50,6,2,0,0,0,1207,31,2.57
1975-09-25,715,10,2,287,2,2,233,7,2,28,2,3,2,0,0,1295,30,2.32
1975-09-26,771,7,0,311,3,1,239,8,0,49,5,0,0,0,0,1394,24,1.72
1975-09-27,92,0,0,59,0,0,90,1,0,17,1,2,0,0,0,262,4,1.53
1975-09-28,35,0,0,12,0,0,18,3,0,10,1,0,0,0,0,79,4,5.06
1975-09-29,618,5,1,264,2,0,203,7,2,33,1,2,0,0,0,1138,20,1.76
1975-09-30,731,1,6,301,5,2,243,6,5,52,10,2,0,0,0,1364,37,2.71
1975-10-01,694,6,1,308,8,2,193,15,2,63,8,3,0,0,0,1303,45,3.45
1975-10-02,730,8,0,287,9,1,212,4,2,43,6,1,0,0,0,1303,31,2.38
1975-10-03,800,10,6,363,9,2,256,7,0,55,6,5,0,0,0,1519,45,2.96
1975-10-04,149,1,0,62,2,0,107,0,3,44,2,0,0,0,0,370,8,2.16
1975-10-05,32,0,0,13,0,0,19,0,1,8,0,0,0,0,0,73,1,1.37
1975-10-06,580,2,2,231,5,1,171,6,1,29,1,1,0,0,0,1030,19,1.84
1975-10-07,703,4,1,259,1,2,210,4,0,60,9,0,0,0,0,1253,21,1.68
1975-10-08,722,7,3,274,6,3,209,13,0,51,2,1,0,0,0,1291,35,2.71
1975-10-09,720,5,2,296,5,1,235,5,2,43,5,0,1,0,0,1320,25,1.89
1975-10-10,776,9,1,342,7,3,265,14,1,41,7,0,0,0,0,1466,42,2.86
1975-10-11,158,2,1,95,0,1,94,1,2,38,1,1,0,0,0,394,9,2.28
1975-10-12,47,0,1,21,0,0,24,0,1,16,1,1,0,0,0,112,4,3.57
1975-10-13,36,2,1,43,0,0,68,4,0,13,1,0,0,0,0,168,8,4.76
1975-10-14,626,7,2,250,6,1,188,7,1,57,9,0,0,0,0,1154,33,2.86
1975-10-15,649,6,1,293,1,0,245,8,0,62,4,0,0,0,0,1269,20,1.58
1975-10-16,665,4,0,267,4,2,237,13,1,62,11,0,0,0,0,1266,35,2.76
1975-10-17,827,9,3,340,7,2,272,14,2,58,10,0,0,0,0,1544,47,3.04
1975-10-18,125,0,0,73,3,0,107,4,1,59,3,3,0,0,0,378,14,3.7
1975-10-19,38,2,0,21,4,0,45,10,1,16,4,0,0,0,0,141,21,14.89
1975-10-20,662,9,1,227,7,3,198,11,2,64,7,1,0,0,0,1192,41,3.44
1975-10-21,687,11,2,261,4,1,261,12,1,71,7,1,0,0,0,1319,39,2.96
1975-10-22,678,5,1,286,8,2,253,16,3,84,12,1,1,0,0,1350,48,3.56
1975-10-23,730,4,2,305,4,2,275,15,3,65,4,0,0,0,0,1409,34,2.41
1975-10-24,755,10,3,293,10,2,289,16,2,70,15,0,0,0,0,1465,58,3.96
1975-10-25,215,0,1,108,0,0,140,1,2,24,0,0,0,0,0,491,4,0.81
1975-10-26,30,0,0,11,0,0,29,0,0,6,0,0,0,0,0,76,0,0.0
1975-10-27,40,3,0,26,0,2,61,4,0,19,2,0,0,0,0,157,11,7.01
1975-10-28,620,5,2,211,6,1,239,9,1,53,10,2,0,0,0,1159,36,3.11
1975-10-29,769,5,4,295,3,2,258,14,0,41,4,0,1,0,0,1396,32,2.29
1975-10-30,724,7,5,323,3,2,202,14,2,43,4,0,0,0,0,1329,37,2.78
1975-10-31,719,1,3,344,2,5,234,3,1,53,2,1,0,0,0,1368,18,1.32
1975-11-01,164,8,0,97,9,0,100,3,1,33,1,0,0,0,0,416,22,5.29
1975-11-02,51,6,0,20,3,0,23,3,0,14,5,2,0,0,0,127,19,14.96
1975-11-03,581,8,3,236,5,1,184,7,0,44,6,2,0,0,0,1077,32,2.97
1975-11-04,715,15,0,285,7,1,221,7,0,42,9,0,0,0,0,1302,39,3.0
1975-11-05,752,3,3,282,3,0,253,14,1,38,3,1,0,0,0,1353,28,2.07
1975-11-06,720,8,5,288,0,1,236,8,0,53,7,2,0,0,0,1328,31,2.33
1975-11-07,774,4,4,319,4,2,298,9,1,55,10,2,0,0,0,1482,36,2.43
1975-11-08,188,0,0,107,0,2,109,0,0,22,2,0,0,0,0,430,4,0.93
1975-11-09,42,0,0,14,1,0,22,0,0,11,0,0,0,0,0,90,1,1.11
1975-11-10,570,5,2,236,3,1,242,7,2,46,2,2,0,0,0,1118,24,2.15
1975-11-11,687,8,4,303,1,2,289,10,0,51,8,2,0,0,0,1365,35,2.56
1975-11-12,732,4,4,302,5,4,268,13,2,45,7,0,0,0,0,1386,39,2.81
1975-11-13,684,3,2,294,4,2,263,8,2,42,4,3,0,0,0,1311,28,2.14
1975-11-14,787,11,7,368,5,5,296,16,0,32,6,1,0,0,0,1534,51,3.32
1975-11-15,209,0,2,111,1,1,136,5,0,22,1,0,0,0,0,488,10,2.05
1975-11-16,44,0,0,12,1,0,27,0,0,6,0,0,0,0,0,90,1,1.11
1975-11-17,579,7,4,249,3,4,185,5,1,36,7,2,0,0,0,1082,33,3.05
1975-11-18,605,4,3,282,4,0,206,8,1,41,13,1,0,0,0,1168,34,2.91
1975-11-19,663,5,2,291,5,1,223,19,0,42,8,2,0,0,0,1261,42,3.33
1975-11-20,609,3,3,305,3,1,299,6,5,37,4,2,0,0,0,1277,27,2.11
1975-11-21,668,7,2,339,9,1,247,16,1,49,8,1,2,0,0,1350,45,3.33
1975-11-22,181,2,1,130,0,2,105,0,1,28,0,6,0,0,0,456,12,2.63
1975-11-23,40,2,0,19,0,0,11,0,0,4,1,1,0,0,0,78,4,5.13
1975-11-24,562,9,3,225,9,19,150,15,3,38,3,0,0,0,0,1036,61,5.89
1975-11-25,649,13,1,292,9,3,238,15,2,41,11,1,1,0,0,1276,55,4.31
1975-11-26,691,108,1,310,53,2,261,35,1,55,9,1,0,0,0,1527,210,13.75
1975-11-27,56,74,2,26,45,0,21,40,0,25,14,0,0,0,0,303,175,57.76
1975-11-28,0,668,0,0,299,0,0,234,0,0,54,1,0,0,0,1256,1256,100.0
1975-11-29,1,134,2,2,80,0,1,101,1,0,50,1,0,0,0,373,369,98.93
1975-11-30,0,37,0,0,13,0,0,25,0,0,29,0,0,0,0,104,104,100.0
1975-12-01,1,620,2,1,250,1,4,251,2,1,62,1,0,0,0,1196,1189,99.41
1975-12-02,8,703,1,1,310,6,1,263,4,1,87,2,0,0,0,1387,1376,99.21
1975-12-03,1,741,1,1,341,0,1,329,1,0,73,0,0,0,0,1489,1486,99.8
1975-12-04,3,622,1,0,302,14,0,298,1,0,87,0,0,0,0,1328,1325,99.77
1975-12-05,1,712,4,0,348,4,1,302,1,0,75,0,0,0,0,1448,1446,99.86
1975-12-06,3,278,1,0,89,0,0,140,0,0,55,0,0,0,0,566,563,99.47
1975-12-07,0,37,0,0,27,0,2,32,0,0,19,1,0,0,0,118,116,98.31
1975-12-08,2,591,2,0,239,1,0,229,1,0,65,0,0,0,0,1130,1128,99.82
1975-12-09,3,730,3,2,306,2,0,293,1,0,91,0,0,0,0,1431,1426,99.65
1975-12-10,1,689,5,0,306,1,1,263,1,0,98,5,0,0,0,1370,1368,99.85
1975-12-11,3,736,1,1,275,0,1,252,2,0,98,0,0,0,0,1369,1364,99.63
1975-12-12,8,722,3,3,299,0,3,286,4,2,76,0,0,0,0,1406,1390,98.86
1975-12-13,2,229,1,0,101,0,0,140,2,0,47,0,0,0,0,522,520,99.62
1975-12-14,1,32,0,0,24,0,1,25,0,0,17,0,0,0,0,100,98,98.0
1975-12-15,34,564,5,21,216,1,9,197,0,2,46,1,0,0,0,1096,1030,93.98
1975-12-16,613,83,0,260,32,2,184,47,1,59,20,3,0,0,0,1304,188,14.42
1975-12-17,641,13,3,233,4,0,187,12,0,44,2,1,0,0,0,1140,35,3.07
1975-12-18,572,3,1,261,1,3,194,8,1,36,2,0,0,0,0,1082,19,1.76
1975-12-19,760,6,5,319,5,1,222,13,2,27,1,0,0,0,0,1361,33,2.42
1975-12-20,178,1,2,86,0,3,89,1,4,32,1,4,0,0,0,401,16,3.99
1975-12-21,24,0,0,9,0,2,16,0,1,15,0,1,0,0,0,68,4,5.88
1975-12-22,558,4,1,242,5,1,163,5,1,42,1,0,0,0,0,1023,18,1.76
1975-12-23,621,5,1,271,3,1,214,5,0,51,2,3,0,0,0,1177,20,1.7
1975-12-24,533,97,8,266,28,4,216,35,3,60,10,1,0,0,0,1261,186,14.75
1975-12-25,12,23,1,8,5,0,3,2,0,12,3,0,0,0,0,69,34,49.28
1975-12-26,31,0,0,10,0,0,10,0,0,9,1,0,0,0,0,61,1,1.64
1975-12-27,34,0,0,15,0,0,29,1,0,20,2,0,0,0,0,101,3,2.97
1975-12-28,28,0,1,14,0,0,16,0,0,14,0,1,0,0,0,74,2,2.7
1975-12-29,405,3,0,183,2,2,121,2,0,57,2,0,0,0,0,777,11,1.42
1975-12-30,595,1,2,263,1,0,165,3,0,64,3,2,0,0,0,1099,12,1.09
1975-12-31,555,3,0,262,4,0,206,7,0,68,0,1,0,0,0,1106,15,1.36
1976-01-01,104,0,0,45,1,0,36,1,0,26,1,1,0,0,0,215,4,1.86
1976-01-02,322,3,0,185,4,0,126,0,1,42,3,7,0,0,0,693,18,2.6
1976-01-03,79,1,0,35,0,0,41,1,1,67,2,3,0,0,0,230,8,3.48
1976-01-04,26,1,0,9,0,0,16,0,0,16,1,3,0,0,0,72,5,6.94
1976-01-05,484,5,4,173,1,3,105,1,0,48,1,2,0,0,0,827,17,2.06
1976-01-06,525,8,1,208,4,0,166,0,0,51,2,2,0,0,0,967,17,1.76
1976-01-07,650,10,0,251,1,0,173,1,2,37,1,3,0,0,0,1129,18,1.59
1976-01-08,682,9,1,274,0,2,183,0,0,37,2,1,0,0,0,1191,15,1.26
1976-01-09,656,4,1,306,5,2,201,1,1,42,1,3,0,0,0,1223,18,1.47
1976-01-10,161,1,1,90,0,0,94,0,1,33,0,1,0,0,0,382,4,1.05
1976-01-11,43,1,0,16,0,0,25,0,0,14,2,0,0,0,0,101,3,2.97
1976-01-12,476,8,3,207,0,0,182,1,0,31,1,1,0,0,0,910,14,1.54
1976-01-13,650,9,0,269,3,1,218,2,0,42,0,1,0,0,0,1195,16,1.34
1976-01-14,631,7,2,267,4,1,192,3,2,40,1,5,0,0,0,1155,25,2.16
1976-01-15,671,4,0,288,4,2,204,1,0,49,0,0,0,0,0,1223,11,0.9
1976-01-16,628,14,1,316,12,1,201,2,1,48,0,2,0,0,0,1226,33,2.69
1976-01-17,250,2,0,110,0,1,94,1,1,42,2,0,0,0,0,503,7,1.39
1976-01-18,36,0,1,15,0,0,8,0,0,2,0,0,0,0,0,62,1,1.61
1976-01-19,535,5,0,252,2,0,205,2,0,29,3,0,0,0,0,1033,12,1.16
1976-01-20,608,10,1,241,1,0,210,1,1,64,2,1,0,0,0,1140,17,1.49
1976-01-21,630,11,1,277,6,0,258,3,0,87,3,1,0,0,0,1277,25,1.96
1976-01-22,687,22,3,287,5,1,264,6,1,69,4,0,0,0,0,1349,42,3.11
1976-01-23,722,35,2,290,12,2,289,7,2,69,1,2,0,0,0,1433,63,4.4
1976-01-24,243,37,3,109,5,1,102,7,0,71,1,2,0,0,0,581,56,9.64
1976-01-25,48,2,0,19,0,0,21,1,1,12,0,0,0,0,0,104,4,3.85
1976-01-26,423,10,3,185,7,2,183,3,0,42,2,4,0,0,0,864,31,3.59
1976-01-27,670,29,3,296,7,3,216,7,2,54,1,2,0,0,0,1290,54,4.19
1976-01-28,658,37,1,271,6,1,241,6,2,70,1,3,0,0,0,1297,57,4.39
1976-01-29,695,44,2,336,7,2,239,10,1,61,2,0,0,0,0,1399,68,4.86
1976-01-30,757,30,1,355,25,0,257,8,2,56,5,0,0,0,0,1496,71,4.75
1976-01-31,262,13,1,104,8,0,105,4,4,30,3,1,0,0,0,535,34,6.36
1976-02-01,54,3,0,10,1,0,18,3,1,13,0,0,0,0,0,103,8,7.77
1976-02-02,589,23,0,227,5,0,185,12,1,36,0,4,0,0,0,1082,45,4.16
1976-02-03,711,22,4,296,11,2,237,12,3,54,0,0,0,0,0,1352,54,3.99
1976-02-04,624,20,1,298,14,3,210,9,1,61,5,3,0,0,0,1249,56,4.48
1976-02-05,730,12,2,317,4,1,227,5,0,43,5,2,0,0,0,1348,31,2.3
1976-02-06,719,21,1,325,20,2,234,5,3,33,9,4,0,0,0,1376,65,4.72
1976-02-07,317,6,1,118,6,0,105,8,1,28,6,1,0,0,0,597,29,4.86
1976-02-08,65,0,0,14,1,1,16,1,0,23,2,0,0,0,0,123,5,4.07
1976-02-09,609,14,1,241,10,1,225,5,1,38,3,0,0,0,0,1148,35,3.05
1976-02-10,660,29,1,281,4,0,235,4,1,36,5,2,0,0,0,1258,46,3.66
1976-02-11,646,45,2,297,5,0,213,3,1,32,4,5,0,0,0,1253,65,5.19
1976-02-12,678,27,0,305,16,1,218,8,1,29,8,0,0,0,0,1291,61,4.73
1976-02-13,834,26,2,412,12,1,306,6,2,46,6,0,1,0,0,1654,55,3.33
1976-02-14,261,12,2,141,10,0,106,8,0,43,4,0,0,0,0,587,36,6.13
1976-02-15,61,2,0,23,0,0,33,2,0,15,3,0,0,0,0,139,7,5.04
1976-02-16,51,4,0,36,2,0,51,3,0,20,3,1,0,0,0,171,13,7.6
1976-02-17,516,18,2,244,11,1,233,10,2,42,6,0,0,0,0,1085,50,4.61
1976-02-18,723,30,4,316,6,3,287,7,2,65,4,3,0,0,0,1450,59,4.07
1976-02-19,794,24,2,318,12,1,259,9,2,57,2,1,0,0,0,1481,53,3.58
1976-02-20,686,35,3,352,7,0,248,14,2,48,1,0,0,0,0,1396,62,4.44
1976-02-21,290,19,0,132,4,0,141,7,0,51,6,4,0,0,0,654,40,6.12
1976-02-22,66,1,0,34,2,0,33,0,0,20,1,0,0,0,0,157,4,2.55
1976-02-23,557,25,1,251,9,0,215,8,0,43,5,2,0,0,0,1116,50,4.48
1976-02-24,777,25,3,284,9,0,248,14,2,52,2,5,0,0,0,1421,60,4.22
1976-02-25,700,28,3,305,13,2,213,9,1,64,4,2,0,0,0,1344,62,4.61
1976-02-26,838,31,4,284,10,0,244,13,1,41,3,2,0,0,0,1471,64,4.35
1976-02-27,832,41,3,326,19,1,238,14,0,36,4,1,0,0,0,1515,83,5.48
1976-02-28,239,17,0,110,8,1,108,5,3,56,2,0,0,0,0,549,36,6.56
1976-02-29,40,0,0,18,0,0,23,0,1,9,0,0,0,0,0,91,1,1.1
1976-03-01,512,33,1,229,24,1,183,16,0,29,5,2,0,0,0,1035,82,7.92
1976-03-02,724,25,3,245,10,0,207,11,1,56,4,0,0,0,0,1286,54,4.2
1976-03-03,746,43,4,282,16,1,212,13,3,35,2,7,0,0,0,1364,89,6.52
1976-03-04,749,38,3,324,12,2,228,6,1,28,3,6,0,0,0,1400,71,5.07
1976-03-05,793,45,1,313,14,0,222,16,1,44,11,2,0,0,0,1462,90,6.16
1976-03-06,234,18,1,79,5,1,73,4,0,22,0,0,0,0,0,437,29,6.64
1976-03-07,39,3,0,8,1,0,10,0,0,5,0,0,0,0,0,66,4,6.06
1976-03-08,637,31,2,226,8,0,168,7,1,23,2,0,0,0,0,1105,51,4.62
1976-03-09,701,47,2,258,11,1,225,10,0,34,6,0,0,0,0,1295,77,5.95
1976-03-10,719,37,1,305,18,2,248,8,1,41,5,1,0,0,0,1386,73,5.27
1976-03-11,701,44,2,281,15,1,225,10,1,49,4,0,0,0,0,1333,77,5.78
1976-03-12,749,29,2,338,24,1,252,15,0,28,8,2,0,0,0,1448,81,5.59
1976-03-13,241,20,3,101,5,0,91,4,2,22,6,0,0,0,0,495,40,8.08
1976-03-14,43,1,0,15,2,0,21,2,0,5,0,0,0,0,0,89,5,5.62
1976-03-15,557,20,1,241,16,2,183,11,1,32,5,0,0,0,0,1069,56,5.24
1976-03-16,728,37,0,315,22,1,232,9,2,35,1,0,0,0,0,1382,72,5.21
1976-03-17,731,99,1,294,41,2,207,18,0,53,5,2,0,0,0,1453,168,11.56
1976-03-18,123,714,3,46,274,0,55,205,2,18,69,1,0,0,0,1510,1268,83.97
1976-03-19,3,876,1,0,373,0,1,339,1,1,82,0,0,0,0,1677,1672,99.7
1976-03-20,1,254,0,1,117,1,2,109,0,0,44,1,0,0,0,530,526,99.25
1976-03-21,0,49,0,0,11,0,0,20,0,0,13,2,0,0,0,95,95,100.0
1976-03-22,2,671,0,1,297,1,0,208,0,1,52,1,0,0,0,1234,1230,99.68
1976-03-23,1,790,5,1,302,0,1,252,0,0,75,0,0,0,0,1427,1424,99.79
1976-03-24,0,952,2,1,348,0,0,294,3,1,88,2,0,0,0,1691,1689,99.88
1976-03-25,0,731,0,0,270,0,2,229,1,0,83,2,0,0,0,1318,1316,99.85
1976-03-26,2,955,2,0,335,4,0,276,1,1,75,0,0,0,0,1651,1648,99.82
1976-03-27,1,292,0,0,73,0,1,108,1,1,53,2,0,0,0,532,529,99.44
1976-03-28,0,46,0,0,25,0,0,22,0,0,30,1,0,0,0,124,124,100.0
1976-03-29,2,597,1,0,233,0,1,163,0,0,60,2,0,0,0,1059,1056,99.72
1976-03-30,0,859,0,2,298,0,2,221,1,3,73,0,0,0,0,1459,1452,99.52
1976-03-31,0,861,1,2,277,1,3,242,1,0,81,1,0,0,0,1470,1465,99.66
1976-04-01,33,706,0,11,294,1,10,208,1,3,74,1,0,0,0,1342,1285,95.75
1976-04-02,502,299,1,214,132,1,153,109,0,21,48,0,0,0,0,1480,590,39.86
1976-04-03,317,20,5,122,4,8,85,6,1,40,2,0,0,0,0,610,46,7.54
1976-04-04,16,2,0,15,1,0,18,2,0,25,4,2,0,0,0,85,11,12.94
1976-04-05,259,390,3,112,174,0,72,110,0,18,36,0,0,0,0,1174,713,60.73
1976-04-06,750,37,2,343,34,10,215,3,0,44,9,0,0,0,0,1447,95,6.57
1976-04-07,692,17,1,303,16,1,220,9,0,61,7,1,0,0,0,1328,52,3.92
1976-04-08,685,28,4,356,19,3,228,7,3,49,3,3,0,0,0,1388,70,5.04
1976-04-09,783,35,0,344,11,0,252,13,0,42,7,0,0,0,0,1487,66,4.44
1976-04-10,246,18,2,130,7,6,106,5,0,27,2,0,0,0,0,549,40,7.29
1976-04-11,51,1,0,18,1,0,20,0,0,18,0,0,0,0,0,109,2,1.83
1976-04-12,556,29,1,275,17,1,171,9,0,36,7,2,0,0,0,1104,66,5.98
1976-04-13,743,28,2,315,25,1,213,5,1,51,6,1,0,0,0,1391,69,4.96
1976-04-14,742,26,3,325,20,2,249,8,0,52,5,1,0,0,0,1433,65,4.54
1976-04-15,783,24,0,321,11,1,225,3,2,49,5,0,0,0,0,1424,46,3.23
1976-04-16,602,33,5,290,23,2,229,7,3,48,10,1,0,0,0,1253,84,6.7
1976-04-17,285,7,2,94,7,8,90,4,2,26,1,1,0,0,0,527,32,6.07
1976-04-18,38,6,2,30,0,1,20,0,0,20,0,1,0,0,0,118,10,8.47
1976-04-19,404,9,2,182,2,0,125,2,0,28,3,0,0,0,0,757,18,2.38
1976-04-20,707,26,4,322,11,2,213,8,0,50,3,1,0,0,0,1347,55,4.08
1976-04-21,844,25,2,345,12,1,226,7,2,55,5,5,0,0,0,1529,59,3.86
1976-04-22,709,28,0,314,14,1,214,4,0,47,1,0,0,0,0,1332,48,3.6
1976-04-23,762,24,1,406,6,1,253,4,3,43,3,1,0,0,0,1507,43,2.85
1976-04-24,289,14,0,142,6,2,122,4,1,39,1,0,0,0,0,620,28,4.52
1976-04-25,49,3,2,42,0,0,36,0,0,23,0,4,0,0,0,159,9,5.66
1976-04-26,636,17,1,284,8,0,200,3,0,48,2,1,0,0,0,1200,32,2.67
1976-04-27,764,50,2,320,2,2,235,8,8,64,5,0,0,0,0,1460,77,5.27
1976-04-28,737,31,1,411,16,1,275,6,2,61,1,2,0,0,0,1544,60,3.89
1976-04-29,676,42,1,366,12,3,261,5,2,58,5,0,0,0,0,1431,70,4.89
1976-04-30,754,39,3,369,9,4,331,6,5,66,4,3,0,0,0,1593,73,4.58
1976-05-01,276,16,3,112,5,2,137,6,2,45,3,3,0,0,0,610,40,6.56
1976-05-02,235,18,3,104,5,0,81,2,1,30,1,0,0,0,0,480,30,6.25
1976-05-03,546,24,0,230,11,1,222,3,0,51,0,2,0,0,0,1090,41,3.76
1976-05-04,916,82,2,342,12,4,281,3,0,62,10,1,0,0,0,1715,114,6.65
1976-05-05,723,34,2,342,12,0,277,5,0,57,5,1,0,0,0,1458,59,4.05
1976-05-06,617,24,9,251,7,2,210,6,3,55,4,2,0,0,0,1190,57,4.79
1976-05-07,705,33,2,333,14,2,241,6,2,50,2,0,0,0,0,1390,61,4.39
1976-05-08,376,77,2,108,10,1,101,5,1,31,16,0,0,0,0,728,112,15.38
1976-05-09,230,26,1,72,3,0,42,4,1,15,2,0,0,0,0,396,37,9.34
1976-05-10,639,33,3,238,7,1,175,9,3,40,2,0,0,0,0,1150,58,5.04
1976-05-11,810,73,5,290,11,1,235,11,1,49,2,0,0,0,0,1488,104,6.99
1976-05-12,848,32,2,333,13,8,215,5,3,31,8,4,0,0,0,1502,75,4.99
1976-05-13,739,41,3,280,9,0,200,8,1,23,5,1,0,0,0,1310,68,5.19
1976-05-14,834,56,1,351,10,1,230,7,0,35,4,1,0,0,0,1530,80,5.23
1976-05-15,208,7,2,91,3,0,88,4,1,26,9,2,0,0,0,441,28,6.35
1976-05-16,42,5,0,13,2,1,9,3,0,16,1,1,0,0,0,93,13,13.98
1976-05-17,586,39,0,239,17,1,175,9,0,33,3,1,0,0,0,1103,70,6.35
1976-05-18,706,47,0,282,9,2,208,13,4,28,5,1,0,0,0,1305,81,6.21
1976-05-19,793,56,5,255,9,1,261,3,3,49,4,5,0,0,0,1444,86,5.96
1976-05-20,634,44,2,246,8,4,243,9,1,43,4,2,0,0,0,1240,74,5.97
1976-05-21,720,23,0,337,10,5,241,12,0,54,2,2,0,0,0,1406,54,3.84
1976-05-22,404,29,1,159,9,1,156,2,3,38,2,0,0,0,0,804,47,5.85
1976-05-23,83,8,0,27,0,0,33,0,1,11,0,0,0,0,0,163,9,5.52
1976-05-24,574,29,0,231,10,1,198,8,0,36,4,2,0,0,0,1093,54,4.94
1976-05-25,640,133,2,237,40,1,207,28,2,43,7,2,0,0,0,1342,215,16.02
1976-05-26,11,569,1,8,192,3,22,151,2,12,29,2,0,0,0,1002,949,94.71
1976-05-27,2,659,1,0,243,0,0,227,3,0,54,0,0,0,0,1189,1187,99.83
1976-05-28,1,678,2,0,269,1,2,227,2,0,44,0,0,0,0,1226,1223,99.76
1976-05-29,0,251,1,0,85,1,0,75,0,0,26,2,0,0,0,441,441,100.0
1976-05-30,0,53,0,0,20,0,1,46,0,0,14,0,0,0,0,134,133,99.25
1976-05-31,0,47,0,0,19,0,0,49,0,0,10,2,0,0,0,127,127,100.0
1976-06-01,0,723,1,0,285,1,0,231,1,0,43,2,0,0,0,1287,1287,100.0
1976-06-02,2,796,2,0,285,0,1,216,1,0,39,1,0,0,0,1343,1340,99.78
1976-06-03,0,823,3,1,308,2,1,270,3,0,49,1,0,0,0,1461,1459,99.86
1976-06-04,3,858,1,1,349,2,3,280,0,1,73,1,0,0,0,1572,1564,99.49
1976-06-05,0,333,2,0,136,1,0,116,2,0,27,1,0,0,0,618,618,100.0
1976-06-06,0,77,0,0,34,0,0,49,0,0,16,0,0,0,0,176,176,100.0
1976-06-07,1,610,2,0,231,2,0,178,1,0,51,1,0,0,0,1077,1076,99.91
1976-06-08,0,911,5,0,289,0,2,257,2,0,45,1,0,0,0,1512,1510,99.87
1976-06-09,4,737,2,3,267,1,1,258,0,0,50,2,0,0,0,1325,1317,99.4
1976-06-10,1,664,3,0,245,2,0,267,1,0,91,0,0,0,0,1274,1273,99.92
1976-06-11,2,611,0,0,241,2,1,282,2,0,71,0,0,0,0,1212,1209,99.75
1976-06-12,0,260,3,0,75,1,0,97,1,0,37,6,0,0,0,480,480,100.0
1976-06-13,1,413,1,1,90,0,0,86,0,0,23,6,0,0,0,621,619,99.68
1976-06-14,1,646,2,1,245,0,1,204,1,0,57,2,0,0,0,1160,1157,99.74
1976-06-15,2,901,2,0,301,2,1,235,1,0,65,1,0,0,0,1511,1508,99.8
1976-06-16,3,818,6,0,288,0,2,232,0,0,91,1,0,0,0,1441,1436,99.65
1976-06-17,3,712,1,0,253,1,1,221,0,0,85,4,0,0,0,1281,1277,99.69
1976-06-18,1,835,1,1,336,2,0,293,3,0,80,2,0,0,0,1554,1552,99.87
1976-06-19,0,429,1,2,152,2,0,148,0,0,75,1,0,0,0,810,808,99.75
1976-06-20,0,111,0,1,23,0,0,45,0,0,31,1,0,0,0,212,211,99.53
1976-06-21,0,692,9,0,295,0,1,234,1,0,55,1,0,0,0,1288,1287,99.92
1976-06-22,3,794,1,0,291,0,0,251,2,1,44,1,0,0,0,1388,1384,99.71
1976-06-23,1,841,2,1,260,0,0,231,0,0,51,1,0,0,0,1388,1386,99.86
1976-06-24,3,684,0,1,244,0,0,252,0,0,57,0,0,0,0,1241,1237,99.68
1976-06-25,2,684,3,1,304,0,1,249,0,0,44,0,0,0,0,1288,1284,99.69
1976-06-26,1,317,0,1,121,4,0,120,1,0,28,0,0,0,0,593,591,99.66
1976-06-27,1,59,1,0,18,0,0,33,2,0,13,0,0,0,0,127,126,99.21
1976-06-28,1,670,2,1,219,1,3,197,0,0,28,1,0,0,0,1123,1118,99.55
1976-06-29,0,791,2,0,260,2,0,187,0,0,30,0,0,0,0,1272,1272,100.0
1976-06-30,3,693,2,2,299,1,1,229,2,0,54,1,0,0,0,1287,1281,99.53
1976-07-01,7,680,1,11,265,0,4,207,1,0,62,0,0,0,0,1238,1216,98.22
1976-07-02,230,570,1,99,224,0,76,197,2,7,47,1,0,0,0,1454,1042,71.66
1976-07-03,242,3,1,100,3,2,104,7,1,29,4,0,0,0,0,496,21,4.23
1976-07-04,27,0,0,17,0,0,19,0,0,16,0,0,0,0,0,79,0,0.0
1976-07-05,58,1,1,21,0,0,32,0,0,15,0,1,0,0,0,129,3,2.33
1976-07-06,591,7,5,240,0,1,191,1,1,35,2,2,0,0,0,1076,19,1.77
1976-07-07,651,3,5,290,1,0,211,0,3,37,3,2,0,0,0,1206,17,1.41
1976-07-08,651,1,1,282,1,0,216,2,3,45,0,1,0,0,0,1203,9,0.75
1976-07-09,771,9,11,319,3,7,236,0,1,34,5,0,0,0,0,1396,36,2.58
1976-07-10,153,0,2,100,1,0,87,0,2,37,1,5,0,0,0,388,11,2.84
1976-07-11,39,1,3,20,0,1,22,0,2,10,0,1,0,0,0,99,8,8.08
1976-07-12,575,5,3,209,0,2,159,0,2,35,0,1,0,0,0,991,13,1.31
1976-07-13,720,5,4,286,0,1,193,1,2,47,2,0,0,0,0,1261,15,1.19
1976-07-14,655,2,6,249,1,1,186,1,3,45,2,2,0,0,0,1153,18,1.56
1976-07-15,654,11,1,245,0,8,216,4,2,53,0,1,0,0,0,1195,27,2.26
1976-07-16,715,3,2,315,2,2,214,3,3,53,1,1,0,0,0,1314,17,1.29
1976-07-17,127,0,2,67,0,2,97,1,3,28,2,1,0,0,0,330,11,3.33
1976-07-18,55,0,1,19,0,1,33,0,0,37,0,2,0,0,0,148,4,2.7
1976-07-19,559,1,1,212,0,0,168,0,1,42,5,0,1,0,0,990,8,0.81
1976-07-20,588,3,4,224,1,4,178,0,1,50,1,0,0,0,0,1054,14,1.33
1976-07-21,697,0,6,259,1,2,203,0,2,41,2,4,0,0,0,1217,17,1.4
1976-07-22,596,5,5,251,1,1,259,2,3,57,1,0,0,0,0,1181,18,1.52
1976-07-23,761,5,7,327,1,3,306,1,2,45,3,2,0,0,0,1463,24,1.64
1976-07-24,156,0,2,68,1,1,104,0,5,34,3,2,0,0,0,376,14,3.72
1976-07-25,43,0,0,18,0,0,27,0,0,37,0,0,0,0,0,125,0,0.0
1976-07-26,544,6,4,218,0,8,160,1,1,27,1,2,0,0,0,972,23,2.37
1976-07-27,632,5,8,264,0,4,206,1,1,37,6,2,0,0,0,1166,27,2.32
1976-07-28,620,6,0,259,0,1,222,0,2,35,5,2,0,0,0,1152,16,1.39
1976-07-29,679,1,2,302,0,2,229,0,1,29,2,2,0,0,0,1249,10,0.8
1976-07-30,722,7,8,346,0,5,298,1,6,27,3,3,0,0,0,1426,33,2.31
1976-07-31,163,1,1,107,0,1,107,0,2,30,3,0,0,0,0,415,8,1.93
1976-08-01,61,0,1,35,0,0,36,0,1,17,0,0,0,0,0,151,2,1.32
1976-08-02,468,2,2,185,0,1,175,0,1,24,0,2,0,0,0,860,8,0.93
1976-08-03,707,4,3,308,0,7,257,0,5,44,3,2,0,0,0,1340,24,1.79
1976-08-04,544,10,4,276,1,0,272,3,3,51,4,0,0,0,0,1168,25,2.14
1976-08-05,704,4,4,264,0,1,219,0,2,42,7,0,0,0,0,1247,18,1.44
1976-08-06,699,1,4,245,2,3,260,0,0,55,10,1,0,0,0,1280,21,1.64
1976-08-07,213,0,5,88,0,5,103,0,0,37,2,1,0,0,0,454,13,2.86
1976-08-08,45,0,0,19,0,1,18,1,0,17,1,1,0,0,0,103,4,3.88
1976-08-09,537,1,4,207,0,0,200,0,3,44,1,1,0,0,0,998,10,1.0
1976-08-10,631,1,2,235,0,3,214,0,1,51,7,5,0,0,0,1150,19,1.65
1976-08-11,654,1,7,239,0,1,225,3,5,46,6,4,0,0,0,1191,27,2.27
1976-08-12,613,1,2,260,0,3,196,0,1,30,5,2,0,0,0,1113,14,1.26
1976-08-13,647,3,1,257,1,0,201,0,1,24,1,0,0,0,0,1136,7,0.62
1976-08-14,144,0,2,66,0,0,81,1,2,24,1,1,0,0,0,322,7,2.17
1976-08-15,52,0,0,13,0,0,29,0,0,10,0,1,0,0,0,105,1,0.95
1976-08-16,549,0,1,223,0,2,166,0,1,32,0,0,0,0,0,974,4,0.41
1976-08-17,551,2,0,215,0,0,205,1,2,28,2,0,0,0,0,1006,7,0.7
1976-08-18,653,3,0,232,1,2,213,0,1,35,0,0,0,0,0,1140,7,0.61
1976-08-19,719,3,4,233,1,1,212,1,1,46,2,1,0,0,0,1224,14,1.14
1976-08-20,615,5,2,241,0,0,221,0,5,53,1,0,0,0,0,1143,13,1.14
1976-08-21,129,1,1,59,0,0,66,0,2,23,3,0,0,0,0,284,7,2.46
1976-08-22,40,0,0,17,0,0,18,0,0,21,1,3,0,0,0,100,4,4.0
1976-08-23,526,2,1,171,1,0,140,0,0,36,5,0,0,0,0,882,9,1.02
1976-08-24,630,4,5,226,0,1,228,0,4,29,2,1,0,0,0,1130,17,1.5
1976-08-25,703,3,2,230,0,1,218,0,4,45,2,1,0,0,0,1209,13,1.08
1976-08-26,622,1,2,202,0,0,237,0,3,39,0,3,0,0,0,1109,9,0.81
1976-08-27,706,2,1,255,1,1,280,0,1,52,7,1,0,0,0,1307,14,1.07
1976-08-28,160,0,2,76,0,0,102,0,1,37,2,0,0,0,0,380,5,1.32
1976-08-29,54,1,0,23,0,0,20,0,0,12,0,1,0,0,0,111,2,1.8
1976-08-30,537,0,1,193,0,0,158,0,2,36,1,0,0,0,0,928,4,0.43
1976-08-31,725,3,0,267,0,0,214,0,3,48,7,1,0,0,0,1268,14,1.1
1976-09-01,598,1,1,274,0,2,231,0,0,63,2,3,0,0,0,1175,9,0.77
1976-09-02,695,2,0,260,1,0,232,0,2,54,9,4,0,0,0,1259,18,1.43
1976-09-03,676,4,1,301,0,0,229,1,6,43,0,1,0,0,0,1262,13,1.03
1976-09-04,296,2,1,142,0,0,133,1,2,62,1,0,0,0,0,640,7,1.09
1976-09-05,65,0,1,27,0,1,45,0,0,15,0,1,0,0,0,155,3,1.94
1976-09-06,51,1,0,36,1,2,64,0,0,35,0,2,0,0,0,192,6,3.12
1976-09-07,579,4,3,196,0,1,191,2,2,53,1,1,0,0,0,1033,14,1.36
1976-09-08,638,7,1,249,0,1,190,0,3,32,2,2,0,0,0,1125,16,1.42
1976-09-09,632,2,2,270,1,2,211,1,2,44,1,3,0,0,0,1171,14,1.2
1976-09-10,696,3,3,276,0,0,254,1,1,44,1,3,0,0,0,1282,12,0.94
1976-09-11,200,0,2,100,0,2,140,0,0,30,0,1,0,0,0,475,5,1.05
1976-09-12,50,0,1,30,0,0,28,0,0,15,0,3,0,0,0,127,4,3.15
1976-09-13,608,4,0,278,0,0,231,0,4,53,0,2,0,0,0,1180,10,0.85
1976-09-14,735,8,3,259,1,0,301,0,2,45,0,0,0,0,0,1354,14,1.03
1976-09-15,769,3,1,324,0,0,290,0,0,39,0,6,0,0,0,1432,10,0.7
1976-09-16,733,4,2,264,0,0,311,3,1,29,0,0,0,0,0,1347,10,0.74
1976-09-17,789,5,1,342,1,0,314,0,2,72,1,0,0,0,0,1527,10,0.65
1976-09-18,201,0,0,110,1,0,102,0,0,54,0,1,0,0,0,469,2,0.43
1976-09-19,175,0,0,78,0,0,46,0,0,9,0,0,0,0,0,308,0,0.0
1976-09-20,605,6,3,259,0,2,209,0,2,36,1,0,0,0,0,1123,14,1.25
1976-09-21,769,3,2,319,0,2,263,0,3,48,0,1,0,0,0,1410,11,0.78
1976-09-22,658,5,1,289,0,0,240,2,1,87,0,0,0,0,0,1283,9,0.7
1976-09-23,742,3,1,316,0,0,272,0,0,58,0,2,0,0,0,1394,6,0.43
1976-09-24,693,2,0,304,0,1,270,0,2,52,0,3,0,0,0,1327,8,0.6
1976-09-25,285,2,0,102,0,0,131,0,0,23,0,0,0,0,0,543,2,0.37
1976-09-26,14,0,0,5,0,0,14,0,3,15,0,3,0,0,0,54,6,11.11
1976-09-27,562,4,3,223,0,0,204,0,6,29,0,1,0,0,0,1032,14,1.36
1976-09-28,742,7,1,280,1,2,224,0,3,37,0,0,0,0,0,1297,14,1.08
1976-09-29,677,6,0,278,0,1,268,1,1,71,1,1,0,0,0,1305,11,0.84
1976-09-30,630,3,1,259,0,1,266,1,1,47,0,3,0,0,0,1212,10,0.83
1976-10-01,732,4,0,267,0,1,240,1,2,61,0,1,0,0,0,1309,9,0.69
1976-10-02,375,0,0,113,0,0,100,0,1,28,0,1,0,0,0,618,2,0.32
1976-10-03,39,0,0,20,0,0,14,0,0,19,1,0,0,0,0,93,1,1.08
1976-10-04,604,3,0,229,0,0,152,0,1,25,0,0,0,0,0,1014,4,0.39
1976-10-05,735,4,1,258,0,2,211,0,1,25,0,0,0,0,0,1237,8,0.65
1976-10-06,643,3,0,252,0,0,199,3,1,40,0,0,0,0,0,1141,7,0.61
1976-10-07,743,1,1,270,0,0,250,0,1,33,0,0,0,0,0,1299,3,0.23
1976-10-08,800,2,3,313,0,0,277,0,2,41,0,3,0,0,0,1441,10,0.69
1976-10-09,258,0,1,99,0,0,108,0,0,22,0,2,0,0,0,490,3,0.61
1976-10-10,68,0,0,17,0,0,20,1,1,5,0,1,0,0,0,113,3,2.65
1976-10-11,42,0,0,25,0,0,27,0,0,11,0,3,0,0,0,108,3,2.78
1976-10-12,558,4,1,220,0,0,193,0,9,28,0,2,0,0,0,1015,16,1.58
1976-10-13,605,4,2,263,0,2,185,2,1,34,0,1,0,0,0,1099,12,1.09
1976-10-14,789,9,2,300,0,1,227,0,4,30,0,1,0,0,0,1363,17,1.25
1976-10-15,839,19,1,368,0,3,230,0,4,29,1,2,0,0,0,1496,30,2.01
1976-10-16,132,0,3,95,0,1,83,0,4,15,0,0,0,0,0,333,8,2.4
1976-10-17,53,0,0,9,0,0,16,0,0,6,0,0,0,0,0,84,0,0.0
1976-10-18,562,2,3,254,0,2,180,0,0,34,0,0,0,0,0,1037,7,0.68
1976-10-19,680,3,2,283,0,0,202,0,1,38,0,1,0,0,0,1210,7,0.58
1976-10-20,653,4,1,292,1,1,227,0,1,30,0,2,0,0,0,1212,10,0.83
1976-10-21,739,0,0,295,0,0,280,1,0,28,0,0,0,0,0,1343,1,0.07
1976-10-22,666,4,4,311,0,0,281,1,0,28,1,5,0,0,0,1301,15,1.15
1976-10-23,211,2,3,97,0,0,92,0,5,17,0,0,0,0,0,427,10,2.34
1976-10-24,56,0,0,21,0,0,21,0,0,4,1,1,0,0,0,104,2,1.92
1976-10-25,61,1,1,30,0,0,26,0,0,10,0,1,0,0,0,130,3,2.31
1976-10-26,556,5,4,220,0,1,174,0,1,42,1,2,0,0,0,1006,14,1.39
1976-10-27,665,5,5,309,1,2,217,0,3,42,3,3,0,0,0,1255,22,1.75
1976-10-28,679,1,4,266,0,0,225,0,3,42,2,2,0,0,0,1224,12,0.98
1976-10-29,711,1,7,297,0,0,243,0,0,35,2,3,0,0,0,1299,13,1.0
1976-10-30,198,0,1,96,0,0,86,0,0,36,0,0,0,0,0,417,1,0.24
1976-10-31,42,1,0,27,0,0,23,0,0,13,0,0,0,0,0,106,1,0.94
1976-11-01,507,1,0,223,0,0,167,1,1,33,0,0,0,0,0,933,3,0.32
1976-11-02,635,1,2,276,0,1,212,0,0,44,0,0,0,0,0,1171,4,0.34
1976-11-03,649,3,0,296,0,0,191,1,0,48,0,1,0,0,0,1189,5,0.42
1976-11-04,654,5,0,324,0,0,214,0,0,44,0,1,0,0,0,1242,6,0.48
1976-11-05,814,3,0,361,1,1,250,1,0,49,0,4,0,0,0,1484,10,0.67
1976-11-06,244,1,0,111,0,0,111,2,0,21,0,1,0,0,0,491,4,0.81
1976-11-07,64,0,0,29,0,0,22,0,0,5,0,0,0,0,0,120,0,0.0
1976-11-08,565,6,1,239,1,0,185,0,0,27,0,1,0,0,0,1025,9,0.88
1976-11-09,658,3,1,295,2,0,196,0,0,26,1,0,0,0,0,1182,7,0.59
1976-11-10,680,4,0,344,0,0,234,1,2,37,1,0,0,0,0,1303,8,0.61
1976-11-11,689,6,0,306,2,0,211,0,1,33,0,3,0,0,0,1251,12,0.96
1976-11-12,690,7,1,322,0,0,256,1,1,48,1,2,0,0,0,1329,13,0.98
1976-11-13,206,1,0,97,0,0,122,0,1,25,0,0,0,0,0,452,2,0.44
1976-11-14,48,0,0,13,0,1,14,0,0,3,0,0,0,0,0,79,1,1.27
1976-11-15,586,0,1,274,0,0,165,1,0,35,1,2,0,0,0,1065,5,0.47
1976-11-16,655,3,0,313,0,0,209,0,0,42,0,2,0,0,0,1224,5,0.41
1976-11-17,732,3,1,310,0,1,220,0,1,36,1,0,0,0,0,1305,7,0.54
1976-11-18,592,1,0,281,0,2,237,0,1,29,0,0,0,0,0,1143,4,0.35
1976-11-19,729,6,1,357,0,0,262,1,0,33,0,0,0,0,0,1389,8,0.58
1976-11-20,129,0,0,82,0,0,110,0,0,26,0,0,0,0,0,347,0,0.0
1976-11-21,42,0,0,19,0,0,20,0,1,7,0,3,0,0,0,92,4,4.35
1976-11-22,561,4,1,239,0,0,214,0,0,28,0,1,0,0,0,1048,6,0.57
1976-11-23,597,3,0,279,0,0,247,0,0,48,0,0,0,0,0,1174,3,0.26
1976-11-24,665,6,0,389,0,0,314,1,2,61,0,1,0,0,0,1439,10,0.69
1976-11-25,243,3,1,113,0,0,111,0,2,34,0,2,0,0,0,509,8,1.57
1976-11-26,554,0,0,265,0,0,224,0,0,50,0,2,0,0,0,1095,2,0.18
1976-11-27,125,0,1,100,0,0,102,0,1,36,0,2,0,0,0,367,4,1.09
1976-11-28,48,0,0,19,0,0,21,0,0,14,0,0,0,0,0,102,0,0.0
1976-11-29,553,3,0,251,0,0,183,1,1,34,0,0,0,0,0,1026,5,0.49
1976-11-30,661,5,0,304,0,0,258,0,0,64,2,1,0,0,0,1295,8,0.62
1976-12-01,659,8,0,302,0,1,245,0,2,68,0,2,0,0,0,1287,13,1.01
1976-12-02,502,1,0,208,1,0,211,1,0,60,1,0,0,0,0,985,4,0.41
1976-12-03,662,5,2,277,0,1,250,0,1,36,1,0,0,0,0,1235,10,0.81
1976-12-04,160,2,3,85,0,0,87,0,1,28,1,1,0,0,0,368,8,2.17
1976-12-05,35,0,0,14,0,0,21,0,0,9,1,1,0,0,0,81,2,2.47
1976-12-06,441,3,1,211,0,2,166,0,3,26,0,1,0,0,0,854,10,1.17
1976-12-07,599,2,2,259,0,2,239,2,4,33,1,1,0,0,0,1144,14,1.22
1976-12-08,600,6,6,284,0,3,217,2,4,52,1,6,0,0,0,1181,28,2.37
1976-12-09,569,1,5,270,0,0,228,1,6,76,0,0,0,0,0,1156,13,1.12
1976-12-10,677,5,3,311,0,0,182,1,3,63,1,6,1,0,0,1253,19,1.52
1976-12-11,186,2,0,75,0,0,80,1,0,28,3,3,0,0,0,378,9,2.38
1976-12-12,40,0,0,17,0,1,12,0,1,6,0,0,0,0,0,77,2,2.6
1976-12-13,496,3,3,230,0,0,192,1,0,27,0,0,0,0,0,952,7,0.74
1976-12-14,550,7,3,273,0,1,191,1,0,26,0,0,0,0,0,1052,12,1.14
1976-12-15,638,4,0,249,0,1,175,0,1,32,0,1,0,0,0,1101,7,0.64
1976-12-16,607,1,1,218,0,1,205,1,1,35,0,2,0,0,0,1072,7,0.65
1976-12-17,539,4,4,256,1,1,215,2,0,29,0,4,0,0,0,1055,16,1.52
1976-12-18,158,0,3,65,0,1,68,0,0,17,0,1,0,0,0,313,5,1.6
1976-12-19,43,0,0,20,0,0,11,0,0,0,0,0,0,0,0,74,0,0.0
1976-12-20,538,3,2,213,0,1,143,0,0,20,0,5,0,0,0,925,11,1.19
1976-12-21,643,3,4,246,0,0,187,1,3,24,0,0,0,0,0,1111,11,0.99
1976-12-22,585,4,3,226,0,2,162,1,2,37,0,1,0,0,0,1023,13,1.27
1976-12-23,581,5,1,273,0,1,181,0,0,29,0,0,0,0,0,1071,7,0.65
1976-12-24,55,1,2,44,0,0,39,0,0,14,0,0,0,0,0,155,3,1.94
1976-12-25,14,0,0,3,0,0,4,0,0,13,0,0,0,0,0,34,0,0.0
1976-12-26,30,0,0,9,0,0,8,0,0,3,0,0,0,0,0,50,0,0.0
1976-12-27,407,1,3,131,0,1,119,0,0,36,0,0,0,0,0,698,5,0.72
1976-12-28,462,2,3,156,2,1,105,0,0,36,0,0,0,0,0,767,8,1.04
1976-12-29,480,4,0,167,1,2,132,1,1,35,0,1,0,0,0,824,10,1.21
1976-12-30,601,3,2,175,2,0,148,2,0,40,1,0,0,0,0,974,10,1.03
1976-12-31,44,1,0,26,0,0,38,2,1,25,0,1,0,0,0,138,5,3.62
1977-01-01,14,0,0,5,0,0,10,0,0,2,0,0,0,0,0,31,0,0.0
1977-01-02,27,0,0,11,0,0,9,0,0,5,0,0,0,0,0,52,0,0.0
1977-01-03,294,0,0,127,0,0,102,0,0,20,0,0,0,0,0,543,0,0.0
1977-01-04,361,0,0,166,0,0,128,0,0,28,0,0,0,0,0,683,0,0.0
1977-01-05,453,0,0,170,0,0,179,0,0,27,0,0,0,0,0,829,0,0.0
1977-01-06,386,0,0,187,0,0,149,0,0,20,1,0,0,0,0,743,1,0.13
1977-01-07,481,0,0,223,0,0,214,0,0,26,0,0,0,0,0,944,0,0.0
1977-01-08,78,0,0,51,0,0,60,0,0,18,0,0,0,0,0,207,0,0.0
1977-01-09,46,0,0,11,0,0,12,0,0,8,0,0,0,0,0,77,0,0.0
1977-01-10,387,0,0,183,0,0,154,0,0,23,0,0,0,0,0,747,0,0.0
1977-01-11,499,1,0,199,0,0,240,0,0,13,0,0,0,0,0,952,1,0.11
1977-01-12,449,0,0,184,0,0,210,0,0,27,0,0,0,0,0,870,0,0.0
1977-01-13,431,0,0,219,0,0,194,0,0,26,0,0,0,0,0,870,0,0.0
1977-01-14,502,0,0,297,0,0,247,0,0,25,0,0,0,0,0,1071,0,0.0
1977-01-15,151,0,0,65,0,0,76,0,0,13,0,0,0,0,0,305,0,0.0
1977-01-16,27,0,0,13,0,0,14,0,0,2,0,0,0,0,0,56,0,0.0
1977-01-17,432,0,0,226,0,0,176,0,0,12,0,0,0,0,0,846,0,0.0
1977-01-18,559,0,0,250,0,0,199,0,0,35,0,0,0,0,0,1043,0,0.0
1977-01-19,554,0,0,242,0,0,250,0,0,22,0,0,0,0,0,1068,0,0.0
1977-01-20,400,0,0,226,0,0,212,0,0,22,0,0,1,0,0,861,0,0.0
1977-01-21,472,0,0,252,0,0,209,0,0,32,0,0,0,0,0,965,0,0.0
1977-01-22,105,0,0,70,0,0,81,0,0,31,0,0,0,0,0,287,0,0.0
1977-01-23,41,0,0,22,0,0,29,0,0,22,0,0,0,0,0,114,0,0.0
1977-01-24,466,0,0,240,1,0,178,0,0,23,0,0,0,0,0,908,1,0.11
1977-01-25,495,0,0,258,0,0,190,0,0,33,0,0,0,0,0,976,0,0.0
1977-01-26,472,0,0,254,0,0,187,0,0,29,0,0,0,0,0,942,0,0.0
1977-01-27,527,0,0,252,0,0,210,0,0,25,0,0,0,0,0,1014,0,0.0
1977-01-28,598,0,0,276,0,0,252,0,0,37,0,0,0,0,0,1163,0,0.0
1977-01-29,97,0,0,73,0,0,91,0,0,16,0,0,0,0,0,277,0,0.0
1977-01-30,42,0,0,22,0,0,21,0,0,10,0,0,0,0,0,95,0,0.0
1977-01-31,441,0,0,230,0,0,179,0,0,19,0,0,0,0,0,869,0,0.0
1977-02-01,431,1,0,238,0,0,180,0,0,33,0,0,0,0,0,883,1,0.11
1977-02-02,471,0,0,214,0,0,231,0,0,37,0,0,0,0,0,953,0,0.0
1977-02-03,469,0,0,265,0,0,221,0,0,28,0,0,0,0,0,983,0,0.0
1977-02-04,442,1,0,257,0,0,233,0,0,31,0,0,0,0,0,964,1,0.1
1977-02-05,59,0,0,53,0,0,73,0,0,22,0,0,0,0,0,207,0,0.0
1977-02-06,39,0,0,27,0,0,22,0,0,14,0,0,0,0,0,102,0,0.0
1977-02-07,477,1,0,215,0,0,175,0,0,37,0,0,0,0,0,905,1,0.11
1977-02-08,526,0,0,245,0,0,235,0,0,29,1,0,0,0,0,1036,1,0.1
1977-02-09,578,0,0,289,0,0,231,0,0,40,0,0,0,0,0,1138,0,0.0
1977-02-10,480,0,0,250,0,0,258,0,0,39,0,0,0,0,0,1027,0,0.0
1977-02-11,419,0,0,257,0,0,244,0,0,27,0,0,0,0,0,947,0,0.0
1977-02-12,65,0,0,62,0,0,69,0,0,25,0,0,0,0,0,221,0,0.0
1977-02-13,44,0,0,16,0,0,27,0,0,11,0,0,0,0,0,98,0,0.0
1977-02-14,379,0,0,179,0,0,164,0,0,28,0,0,0,0,0,750,0,0.0
1977-02-15,461,0,0,221,0,0,192,0,0,47,0,0,0,0,0,921,0,0.0
1977-02-16,455,0,0,209,0,0,195,0,0,29,0,0,0,0,0,888,0,0.0
1977-02-17,576,0,0,249,0,0,212,0,0,36,0,0,0,0,0,1073,0,0.0
1977-02-18,528,0,0,271,0,0,270,0,0,28,0,0,0,0,0,1097,0,0.0
1977-02-19,154,0,0,71,0,0,95,0,0,14,0,0,0,0,0,334,0,0.0
1977-02-20,43,0,0,17,0,0,18,0,0,8,0,0,0,0,0,86,0,0.0
1977-02-21,46,0,0,17,0,0,22,0,0,8,0,0,0,0,0,93,0,0.0
1977-02-22,444,0,0,209,0,0,165,0,0,27,0,0,0,0,0,845,0,0.0
1977-02-23,530,0,0,237,1,0,204,0,0,38,0,0,0,0,0,1010,1,0.1
1977-02-24,505,0,0,250,0,0,218,0,0,33,0,0,0,0,0,1006,0,0.0
1977-02-25,589,0,0,272,0,0,231,0,0,51,0,0,0,0,0,1143,0,0.0
1977-02-26,146,0,0,65,0,0,95,0,0,33,0,0,0,0,0,339,0,0.0
1977-02-27,49,0,0,17,0,0,16,0,0,7,0,0,0,0,0,89,0,0.0
1977-02-28,513,0,0,237,0,0,180,0,0,47,0,0,0,0,0,977,0,0.0
1977-03-01,513,0,0,246,0,0,225,0,0,29,0,0,0,0,0,1013,0,0.0
1977-03-02,555,0,0,262,1,0,205,0,0,33,0,0,0,0,0,1056,1,0.09
1977-03-03,489,0,0,258,0,0,221,0,0,22,0,0,0,0,0,990,0,0.0
1977-03-04,598,1,0,313,0,0,297,0,0,30,0,0,0,0,0,1239,1,0.08
1977-03-05,118,0,0,75,0,0,88,1,0,21,0,0,0,0,0,303,1,0.33
1977-03-06,54,0,0,21,0,0,28,0,0,5,0,0,0,0,0,108,0,0.0
1977-03-07,486,0,0,215,0,0,180,0,0,27,0,0,0,0,0,908,0,0.0
1977-03-08,555,0,0,261,0,0,224,0,0,19,0,0,0,0,0,1059,0,0.0
1977-03-09,625,0,0,244,1,0,221,0,0,23,0,0,0,0,0,1114,1,0.09
1977-03-10,560,0,0,261,0,0,217,0,0,38,0,0,0,0,0,1076,0,0.0
1977-03-11,582,0,0,325,0,0,256,0,0,32,0,0,0,0,0,1195,0,0.0
1977-03-12,146,0,0,74,0,0,113,0,0,19,0,0,0,0,0,352,0,0.0
1977-03-13,40,0,0,9,0,0,21,0,0,10,0,0,0,0,0,80,0,0.0
1977-03-14,492,0,0,250,0,0,187,0,0,22,0,0,0,0,0,951,0,0.0
1977-03-15,568,0,0,271,0,0,259,0,0,30,0,0,0,0,0,1128,0,0.0
1977-03-16,519,0,0,257,1,0,232,1,0,37,0,0,0,0,0,1047,2,0.19
1977-03-17,533,0,0,236,0,0,240,0,0,22,0,0,0,0,0,1031,0,0.0
1977-03-18,585,0,0,318,0,0,269,0,0,33,0,0,0,0,0,1205,0,0.0
1977-03-19,164,0,0,90,0,0,128,0,0,19,0,0,0,0,0,401,0,0.0
1977-03-20,58,1,0,24,0,0,28,0,0,6,0,0,0,0,0,117,1,0.85
1977-03-21,456,0,0,223,0,0,192,0,0,29,0,0,0,0,0,900,0,0.0
1977-03-22,572,0,0,257,0,0,233,0,0,35,0,0,0,0,0,1097,0,0.0
1977-03-23,598,0,0,274,0,0,238,0,0,24,0,0,0,0,0,1134,0,0.0
1977-03-24,607,0,0,299,0,0,262,0,0,25,0,0,0,0,0,1193,0,0.0
1977-03-25,527,0,0,295,0,0,289,0,0,38,0,0,0,0,0,1149,0,0.0
1977-03-26,187,0,0,98,0,0,120,0,0,20,0,0,0,0,0,425,0,0.0
1977-03-27,34,0,0,33,0,0,23,0,0,5,0,0,0,0,0,95,0,0.0
1977-03-28,542,0,0,256,0,0,194,0,0,43,0,0,0,0,0,1035,0,0.0
1977-03-29,527,0,0,323,0,0,250,0,0,53,0,0,0,0,0,1153,0,0.0
1977-03-30,501,0,0,242,0,0,267,0,0,46,2,0,0,0,0,1058,2,0.19
1977-03-31,517,0,0,278,0,0,283,0,0,55,0,0,0,0,0,1133,0,0.0
1977-04-01,466,0,0,252,0,0,245,0,0,34,0,0,0,0,0,997,0,0.0
1977-04-02,330,0,0,132,0,0,142,0,0,29,0,0,0,0,0,633,0,0.0
1977-04-03,80,0,0,40,0,0,31,0,0,7,0,0,0,0,0,158,0,0.0
1977-04-04,501,0,0,252,0,0,204,0,0,26,0,0,0,0,0,983,0,0.0
1977-04-05,574,0,0,247,0,0,230,0,0,34,0,0,0,0,0,1085,0,0.0
1977-04-06,564,0,0,263,0,0,248,0,0,39,0,0,0,0,0,1114,0,0.0
1977-04-07,573,0,0,289,0,0,234,0,0,38,0,0,0,0,0,1134,0,0.0
1977-04-08,375,0,0,197,0,0,204,0,0,25,0,0,0,0,0,801,0,0.0
1977-04-09,104,0,0,78,0,0,95,0,0,24,0,0,0,0,0,301,0,0.0
1977-04-10,25,0,0,10,0,0,11,0,0,4,0,0,0,0,0,50,0,0.0
1977-04-11,334,0,0,147,0,0,125,0,0,23,0,0,0,0,0,629,0,0.0
1977-04-12,527,0,0,229,0,0,204,0,0,26,0,0,0,0,0,986,0,0.0
1977-04-13,552,0,0,257,0,0,225,0,0,36,0,0,0,0,0,1070,0,0.0
1977-04-14,552,0,0,245,0,0,254,0,0,40,1,0,0,0,0,1092,1,0.09
1977-04-15,610,0,0,295,0,0,247,0,0,46,0,0,1,0,0,1199,0,0.0
1977-04-16,126,0,0,76,0,0,113,0,0,23,0,0,0,0,0,338,0,0.0
1977-04-17,45,0,0,21,0,0,23,0,0,13,0,0,0,0,0,102,0,0.0
1977-04-18,537,0,0,195,0,0,186,0,0,36,0,0,0,0,0,954,0,0.0
1977-04-19,564,0,0,242,0,0,253,0,0,30,0,0,0,0,0,1089,0,0.0
1977-04-20,562,0,0,287,0,0,230,0,0,35,0,0,0,0,0,1114,0,0.0
1977-04-21,501,1,0,283,0,0,242,0,0,30,0,0,0,0,0,1057,1,0.09
1977-04-22,532,0,0,339,0,0,282,0,0,38,1,0,0,0,0,1192,1,0.08
1977-04-23,123,0,0,78,0,0,118,0,0,22,0,0,0,0,0,341,0,0.0
1977-04-24,38,0,0,21,0,0,42,0,0,12,0,0,0,0,0,113,0,0.0
1977-04-25,441,0,0,247,0,0,229,0,0,35,0,0,0,0,0,952,0,0.0
1977-04-26,530,0,0,278,0,0,269,0,0,49,0,0,0,0,0,1126,0,0.0
1977-04-27,568,0,0,287,0,0,278,1,0,56,0,0,1,0,0,1191,1,0.08
1977-04-28,625,0,0,328,0,0,279,0,0,25,0,0,0,0,0,1257,0,0.0
1977-04-29,556,0,0,312,1,0,254,0,0,33,0,0,0,0,0,1156,1,0.09
1977-04-30,126,0,0,107,0,0,111,1,0,34,0,0,0,0,0,379,1,0.26
1977-05-01,43,0,0,32,0,0,24,0,0,5,0,0,0,0,0,104,0,0.0
1977-05-02,444,0,0,243,1,0,173,0,0,25,0,0,0,0,0,886,1,0.11
1977-05-03,466,0,0,259,0,0,192,0,0,26,0,0,0,0,0,943,0,0.0
1977-05-04,601,0,0,338,0,0,325,0,0,56,0,0,0,0,0,1320,0,0.0
1977-05-05,553,0,0,288,0,0,282,0,0,41,0,0,0,0,0,1164,0,0.0
1977-05-06,565,0,0,345,0,0,287,0,0,37,0,0,0,0,0,1234,0,0.0
1977-05-07,168,0,0,84,0,0,100,1,0,9,0,0,0,0,0,362,1,0.28
1977-05-08,39,0,0,22,0,0,19,0,0,7,0,0,0,0,0,87,0,0.0
1977-05-09,494,0,0,253,0,0,216,1,0,27,0,0,0,0,0,991,1,0.1
1977-05-10,482,0,0,217,0,0,241,1,0,24,0,0,0,0,0,965,1,0.1
1977-05-11,635,0,0,310,0,0,311,0,0,30,0,0,0,0,0,1286,0,0.0
1977-05-12,415,0,0,239,0,0,208,2,0,30,0,0,0,0,0,894,2,0.22
1977-05-13,637,0,0,317,0,0,300,0,0,36,0,0,0,0,0,1290,0,0.0
1977-05-14,256,0,0,98,0,0,124,0,0,24,0,0,0,0,0,502,0,0.0
1977-05-15,175,0,0,37,0,0,57,0,0,21,0,0,0,0,0,290,0,0.0
1977-05-16,478,0,0,235,0,0,214,1,0,33,0,0,0,0,0,961,1,0.1
1977-05-17,614,0,0,268,0,0,238,0,0,38,0,0,0,0,0,1158,0,0.0
1977-05-18,676,1,0,309,0,0,297,0,0,35,0,0,0,0,0,1318,1,0.08
1977-05-19,361,0,0,172,0,0,208,0,0,24,0,0,0,0,0,765,0,0.0
1977-05-20,662,1,0,339,0,0,319,0,0,37,0,0,0,0,0,1358,1,0.07
1977-05-21,155,0,0,94,0,0,101,0,0,26,0,0,0,0,0,376,0,0.0
1977-05-22,61,0,0,13,0,0,18,0,0,3,0,0,0,0,0,95,0,0.0
1977-05-23,501,0,0,225,0,0,224,0,0,25,0,0,0,0,0,975,0,0.0
1977-05-24,503,0,0,246,0,0,239,0,0,37,0,0,0,0,0,1025,0,0.0
1977-05-25,589,0,0,271,0,0,245,0,0,24,0,0,0,0,0,1129,0,0.0
1977-05-26,616,0,0,285,0,0,277,0,0,29,0,0,0,0,0,1207,0,0.0
1977-05-27,611,0,0,315,0,0,331,0,0,33,0,0,0,0,0,1290,0,0.0
1977-05-28,165,0,0,80,0,0,104,0,0,12,0,0,0,0,0,361,0,0.0
1977-05-29,40,0,0,18,0,0,24,0,0,11,0,0,0,0,0,93,0,0.0
1977-05-30,34,0,0,20,0,0,20,0,0,4,0,0,0,0,0,78,0,0.0
1977-05-31,497,0,0,214,0,0,191,0,0,25,0,0,0,0,0,927,0,0.0
1977-06-01,532,0,0,241,0,0,204,0,0,31,0,0,0,0,0,1008,0,0.0
1977-06-02,539,0,0,263,0,0,241,0,0,29,0,0,0,0,0,1072,0,0.0
1977-06-03,599,0,0,257,0,0,265,0,0,43,0,0,0,0,0,1164,0,0.0
1977-06-04,118,0,0,64,0,0,80,0,0,6,0,0,0,0,0,268,0,0.0
1977-06-05,31,0,0,13,0,0,23,0,0,4,0,0,0,0,0,71,0,0.0
1977-06-06,503,0,0,226,0,0,184,0,0,11,0,0,0,0,0,924,0,0.0
1977-06-07,538,0,0,237,0,0,161,0,0,23,0,0,0,0,0,959,0,0.0
1977-06-08,623,0,0,254,0,0,245,1,0,24,0,0,0,0,0,1147,1,0.09
1977-06-09,584,0,0,245,0,0,227,0,0,16,0,0,0,0,0,1072,0,0.0
1977-06-10,620,0,0,288,0,0,225,0,0,24,0,0,0,0,0,1157,0,0.0
1977-06-11,115,0,0,52,0,0,83,0,0,9,0,0,0,0,0,259,0,0.0
1977-06-12,34,0,0,14,0,0,14,0,0,1,0,0,0,0,0,63,0,0.0
1977-06-13,466,0,0,207,0,0,218,0,0,16,0,0,0,0,0,907,0,0.0
1977-06-14,536,0,0,248,0,0,220,0,0,18,0,0,0,0,0,1022,0,0.0
1977-06-15,478,0,0,236,0,0,222,0,0,28,0,0,0,0,0,964,0,0.0
1977-06-16,512,0,0,266,0,0,241,0,0,27,0,0,0,0,0,1046,0,0.0
1977-06-17,538,0,0,264,0,0,254,0,0,33,0,0,0,0,0,1089,0,0.0
1977-06-18,98,0,0,53,0,0,92,0,0,5,0,0,0,0,0,248,0,0.0
1977-06-19,29,0,0,16,0,0,36,0,0,4,0,0,0,0,0,85,0,0.0
1977-06-20,453,0,0,257,0,0,195,0,0,38,0,0,0,0,0,943,0,0.0
1977-06-21,503,0,0,238,0,0,222,0,0,32,0,0,0,0,0,995,0,0.0
1977-06-22,486,0,0,261,0,0,245,0,0,33,0,0,0,0,0,1025,0,0.0
1977-06-23,613,0,0,249,0,0,240,0,0,34,0,0,0,0,0,1136,0,0.0
1977-06-24,553,0,0,269,0,0,230,0,0,37,0,0,0,0,0,1089,0,0.0
1977-06-25,84,0,0,56,0,0,68,0,0,18,0,0,0,0,0,226,0,0.0
1977-06-26,40,0,0,8,0,0,20,0,0,6,0,0,0,0,0,74,0,0.0
1977-06-27,468,0,0,189,0,0,155,0,0,29,0,0,0,0,0,841,0,0.0
1977-06-28,578,0,0,218,0,0,231,0,0,34,0,0,0,0,0,1061,0,0.0
1977-06-29,579,0,0,206,0,0,230,0,0,34,0,0,0,0,0,1049,0,0.0
1977-06-30,545,0,0,209,0,0,209,0,0,37,0,0,0,0,0,1000,0,0.0
1977-07-01,604,0,0,249,0,0,245,0,0,38,0,0,0,0,0,1136,0,0.0
1977-07-02,155,0,0,72,0,0,83,0,0,21,0,0,0,0,0,331,0,0.0
1977-07-03,31,0,0,16,0,0,15,0,0,4,0,0,0,0,0,66,0,0.0
1977-07-04,11,0,0,18,0,0,11,0,0,3,0,0,0,0,0,43,0,0.0
1977-07-05,474,0,0,183,0,0,161,0,0,30,0,0,0,0,0,848,0,0.0
1977-07-06,531,1,0,243,0,0,210,0,0,40,0,0,0,0,0,1025,1,0.1
1977-07-07,603,0,0,253,0,0,208,0,0,37,0,0,0,0,0,1101,0,0.0
1977-07-08,635,0,0,281,0,0,240,0,0,40,0,0,0,0,0,1196,0,0.0
1977-07-09,145,0,0,70,0,0,92,0,0,24,0,0,0,0,0,331,0,0.0
1977-07-10,45,0,0,12,0,0,22,0,0,5,0,0,0,0,0,84,0,0.0
1977-07-11,451,0,0,209,0,0,175,0,0,21,0,0,0,0,0,856,0,0.0
1977-07-12,540,0,0,244,0,0,224,0,0,37,0,0,0,0,0,1045,0,0.0
1977-07-13,531,0,0,249,0,0,264,0,0,22,0,0,0,0,0,1066,0,0.0
1977-07-14,494,0,0,259,0,0,213,0,0,37,0,0,0,0,0,1003,0,0.0
1977-07-15,481,0,0,262,0,0,233,0,0,42,0,0,0,0,0,1018,0,0.0
1977-07-16,117,0,0,57,0,0,101,0,0,13,0,0,0,0,0,288,0,0.0
1977-07-17,49,0,0,17,0,0,18,1,0,6,0,0,0,0,0,91,1,1.1
1977-07-18,495,0,0,216,0,0,188,0,0,22,0,0,0,0,0,921,0,0.0
1977-07-19,566,0,0,266,0,0,182,0,0,30,0,0,0,0,0,1044,0,0.0
1977-07-20,515,0,0,296,0,0,202,0,0,41,0,0,0,0,0,1054,0,0.0
1977-07-21,538,0,0,279,0,0,241,0,0,51,0,0,0,0,0,1109,0,0.0
1977-07-22,534,1,0,264,0,0,224,0,0,37,0,0,0,0,0,1060,1,0.09
1977-07-23,126,0,0,93,0,0,113,0,0,26,0,0,0,0,0,358,0,0.0
1977-07-24,45,0,0,20,0,0,21,0,0,3,0,0,0,0,0,89,0,0.0
1977-07-25,505,0,0,236,0,0,195,0,0,37,0,0,0,0,0,973,0,0.0
1977-07-26,515,1,0,262,0,0,215,0,0,42,0,0,0,0,0,1035,1,0.1
1977-07-27,512,0,0,297,0,0,208,0,0,29,0,0,0,0,0,1046,0,0.0
1977-07-28,536,0,0,263,0,0,255,1,0,37,0,0,0,0,0,1092,1,0.09
1977-07-29,567,0,0,301,0,0,224,0,0,30,0,0,0,0,0,1122,0,0.0
1977-07-30,131,0,0,70,0,0,124,0,0,14,0,0,0,0,0,339,0,0.0
1977-07-31,36,0,0,20,0,0,22,0,0,7,0,0,0,0,0,85,0,0.0
1977-08-01,444,0,0,256,0,0,169,0,0,22,0,0,0,0,0,891,0,0.0
1977-08-02,540,1,0,280,1,0,210,0,0,25,0,0,0,0,0,1057,2,0.19
1977-08-03,542,1,0,247,0,0,210,1,0,30,0,0,0,0,0,1031,2,0.19
1977-08-04,482,0,0,221,0,0,180,0,0,30,0,0,0,0,0,913,0,0.0
1977-08-05,639,0,0,267,1,0,217,0,0,38,0,0,0,0,0,1162,1,0.09
1977-08-06,268,0,0,133,0,0,118,0,0,19,0,0,0,0,0,538,0,0.0
1977-08-07,43,0,0,20,0,0,18,0,0,5,0,0,0,0,0,86,0,0.0
1977-08-08,479,0,0,209,0,0,178,0,0,31,0,0,0,0,0,897,0,0.0
1977-08-09,564,0,0,266,0,0,188,0,0,39,0,0,0,0,0,1057,0,0.0
1977-08-10,629,1,0,308,0,0,205,0,0,37,0,0,0,0,0,1180,1,0.08
1977-08-11,583,0,0,233,0,0,188,0,0,25,0,0,0,0,0,1029,0,0.0
1977-08-12,591,1,0,271,0,0,223,0,0,31,0,0,0,0,0,1117,1,0.09
1977-08-13,179,0,0,80,0,0,101,0,0,14,0,0,0,0,0,374,0,0.0
1977-08-14,36,0,0,10,0,0,13,0,0,9,0,0,0,0,0,68,0,0.0
1977-08-15,418,0,0,211,0,0,126,0,0,21,0,0,0,0,0,776,0,0.0
1977-08-16,540,0,0,274,0,0,194,1,0,38,0,0,0,0,0,1047,1,0.1
1977-08-17,471,0,0,252,0,0,204,0,0,31,0,0,0,0,0,958,0,0.0
1977-08-18,506,0,0,267,1,0,248,0,0,35,0,0,0,0,0,1057,1,0.09
1977-08-19,528,0,0,255,0,0,246,0,0,41,0,0,0,0,0,1070,0,0.0
1977-08-20,161,0,0,80,0,0,100,0,0,21,0,0,0,0,0,362,0,0.0
1977-08-21,46,0,0,16,0,0,27,0,0,12,0,0,0,0,0,101,0,0.0
1977-08-22,443,0,0,223,0,0,186,0,0,43,0,0,0,0,0,895,0,0.0
1977-08-23,491,0,0,211,0,0,222,0,0,26,0,0,0,0,0,950,0,0.0
1977-08-24,581,0,0,260,0,0,247,0,0,34,0,0,0,0,0,1122,0,0.0
1977-08-25,548,0,0,249,0,0,263,1,0,29,0,0,0,0,0,1090,1,0.09
1977-08-26,608,0,0,258,0,0,262,0,0,39,0,0,0,0,0,1167,0,0.0
1977-08-27,94,0,0,51,0,0,100,0,0,18,0,0,0,0,0,263,0,0.0
1977-08-28,32,0,0,12,0,0,30,0,0,2,0,0,0,0,0,76,0,0.0
1977-08-29,414,0,0,209,0,0,256,0,0,37,0,0,0,0,0,916,0,0.0
1977-08-30,536,0,0,234,0,0,262,0,0,26,0,0,0,0,0,1058,0,0.0
1977-08-31,574,1,0,302,0,0,278,0,0,28,0,0,0,0,0,1183,1,0.08
1977-09-01,576,0,0,253,0,0,282,0,0,44,0,0,0,0,0,1155,0,0.0
1977-09-02,659,0,0,308,0,0,326,0,0,29,0,0,0,0,0,1322,0,0.0
1977-09-03,170,0,0,130,0,0,128,0,0,13,0,0,0,0,0,441,0,0.0
1977-09-04,49,0,0,35,0,0,41,0,0,8,0,0,0,0,0,133,0,0.0
1977-09-05,20,0,0,24,0,0,37,0,0,3,0,0,0,0,0,84,0,0.0
1977-09-06,462,0,0,194,0,0,252,0,0,21,0,0,0,0,0,929,0,0.0
1977-09-07,571,0,0,220,1,0,254,1,0,27,0,0,0,0,0,1074,2,0.19
1977-09-08,569,0,0,265,1,0,263,0,0,23,0,0,0,0,0,1121,1,0.09
1977-09-09,642,0,0,311,0,0,291,0,0,28,0,0,0,0,0,1272,0,0.0
1977-09-10,112,0,0,119,0,0,105,0,0,11,0,0,0,0,0,347,0,0.0
1977-09-11,32,0,0,15,0,0,18,0,0,5,0,0,0,0,0,70,0,0.0
1977-09-12,514,0,0,239,0,0,228,0,0,26,0,0,0,0,0,1007,0,0.0
1977-09-13,607,1,0,251,1,0,215,0,0,24,0,0,0,0,0,1099,2,0.18
1977-09-14,558,0,0,269,0,0,237,0,0,29,0,0,0,0,0,1093,0,0.0
1977-09-15,469,1,0,233,0,0,237,0,0,33,0,0,0,0,0,973,1,0.1
1977-09-16,701,1,0,311,0,0,327,0,0,23,0,0,0,0,0,1363,1,0.07
1977-09-17,78,0,0,60,0,0,113,0,0,16,0,0,0,0,0,267,0,0.0
1977-09-18,38,0,0,13,0,0,26,0,0,7,0,0,0,0,0,84,0,0.0
1977-09-19,515,0,0,273,0,0,231,1,0,28,0,0,0,0,0,1048,1,0.1
1977-09-20,646,0,0,271,0,0,259,0,0,24,0,0,0,0,0,1200,0,0.0
1977-09-21,624,0,0,289,0,0,301,1,0,37,0,0,0,0,0,1252,1,0.08
1977-09-22,610,0,0,303,0,0,328,0,0,27,0,0,0,0,0,1268,0,0.0
1977-09-23,572,0,0,292,0,0,299,0,0,49,0,0,0,0,0,1212,0,0.0
1977-09-24,107,0,0,67,0,0,74,0,0,32,0,0,0,0,0,280,0,0.0
1977-09-25,49,0,0,14,0,0,10,0,0,5,0,0,0,0,0,78,0,0.0
1977-09-26,498,0,0,239,0,0,194,0,0,25,0,0,0,0,0,956,0,0.0
1977-09-27,555,0,0,238,0,0,204,0,0,33,0,0,0,0,0,1030,0,0.0
1977-09-28,526,0,0,231,0,0,220,0,0,40,0,0,0,0,0,1017,0,0.0
1977-09-29,595,0,0,225,0,0,214,0,0,42,0,0,0,0,0,1076,0,0.0
1977-09-30,567,0,0,209,0,0,254,0,0,33,0,0,0,0,0,1063,0,0.0
1977-10-01,265,0,0,126,0,0,120,0,0,19,0,0,0,0,0,530,0,0.0
1977-10-02,56,0,0,18,0,0,41,0,0,3,0,0,0,0,0,118,0,0.0
1977-10-03,491,0,0,181,0,0,164,0,0,18,0,0,0,0,0,854,0,0.0
1977-10-04,533,0,0,247,0,0,199,0,0,35,0,0,0,0,0,1014,0,0.0
1977-10-05,580,1,0,249,0,0,247,0,0,30,0,0,0,0,0,1107,1,0.09
1977-10-06,419,0,0,202,0,0,190,0,0,23,0,0,0,0,0,834,0,0.0
1977-10-07,750,0,0,364,0,0,274,0,0,36,0,0,0,0,0,1424,0,0.0
1977-10-08,100,0,0,65,0,0,85,0,0,20,0,0,0,0,0,270,0,0.0
1977-10-09,172,0,0,40,0,0,57,0,0,11,0,0,0,0,0,280,0,0.0
1977-10-10,31,0,0,18,0,0,33,0,0,13,0,0,0,0,0,95,0,0.0
1977-10-11,417,1,0,231,0,0,188,0,0,32,0,0,0,0,0,869,1,0.12
1977-10-12,700,0,0,326,0,0,240,0,0,24,0,0,0,0,0,1290,0,0.0
1977-10-13,639,1,0,287,0,0,230,0,0,53,0,0,0,0,0,1210,1,0.08
1977-10-14,544,0,0,242,0,0,226,0,0,45,0,0,0,0,0,1057,0,0.0
1977-10-15,207,0,0,80,0,0,110,0,0,23,0,0,0,0,0,420,0,0.0
1977-10-16,137,0,0,61,0,0,61,0,0,18,0,0,0,0,0,277,0,0.0
1977-10-17,489,0,0,231,0,0,218,0,0,35,0,0,0,0,0,973,0,0.0
1977-10-18,507,0,0,251,0,0,252,0,0,46,0,0,0,0,0,1056,0,0.0
1977-10-19,619,0,0,280,0,0,266,0,0,48,0,0,0,0,0,1213,0,0.0
1977-10-20,528,0,0,255,0,0,248,0,0,45,0,0,0,0,0,1076,0,0.0
1977-10-21,641,1,0,356,0,0,316,0,0,36,0,0,0,0,0,1350,1,0.07
1977-10-22,140,0,0,78,0,0,104,0,0,22,0,0,0,0,0,344,0,0.0
1977-10-23,70,0,0,37,0,0,52,0,0,6,0,0,0,0,0,165,0,0.0
1977-10-24,44,0,0,21,0,0,45,0,0,8,0,0,0,0,0,118,0,0.0
1977-10-25,509,0,0,211,0,0,218,0,0,41,0,0,0,0,0,979,0,0.0
1977-10-26,608,0,0,303,0,0,251,1,0,49,0,0,0,0,0,1212,1,0.08
1977-10-27,569,0,0,274,0,0,263,0,0,38,0,0,0,0,0,1144,0,0.0
1977-10-28,614,1,0,292,0,0,246,0,0,59,0,0,0,0,0,1212,1,0.08
1977-10-29,252,0,0,104,0,0,135,0,0,26,0,0,0,0,0,517,0,0.0
1977-10-30,27,0,0,22,0,0,18,0,0,5,0,0,0,0,0,72,0,0.0
1977-10-31,500,0,0,263,0,0,206,0,0,38,0,0,0,0,0,1007,0,0.0
1977-11-01,462,0,0,237,0,0,199,0,0,31,0,0,0,0,0,929,0,0.0
1977-11-02,548,0,0,249,1,0,245,0,0,38,0,0,0,0,0,1081,1,0.09
1977-11-03,565,0,0,290,0,0,245,0,0,48,0,0,0,0,0,1148,0,0.0
1977-11-04,450,0,0,272,0,0,286,0,0,35,0,0,0,0,0,1043,0,0.0
1977-11-05,224,0,0,121,0,0,126,0,0,21,0,0,0,0,0,492,0,0.0
1977-11-06,27,0,0,11,0,0,22,0,0,2,0,0,0,0,0,62,0,0.0
1977-11-07,405,0,0,195,0,0,201,0,0,46,0,0,0,0,0,847,0,0.0
1977-11-08,516,0,0,288,0,0,233,0,0,51,0,0,0,0,0,1088,0,0.0
1977-11-09,491,1,0,227,0,0,224,0,0,64,0,0,0,0,0,1007,1,0.1
1977-11-10,471,0,0,271,0,0,254,0,0,44,0,0,0,0,0,1040,0,0.0
1977-11-11,610,0,0,325,0,0,325,0,0,58,0,0,0,0,0,1318,0,0.0
1977-11-12,193,0,0,103,0,0,108,0,0,23,0,0,0,0,0,427,0,0.0
1977-11-13,33,0,0,38,0,0,25,0,0,12,0,0,0,0,0,108,0,0.0
1977-11-14,483,0,0,241,0,0,190,0,0,40,0,0,0,0,0,954,0,0.0
1977-11-15,578,0,0,295,0,0,264,0,0,41,0,0,0,0,0,1178,0,0.0
1977-11-16,555,0,0,269,0,0,254,0,0,42,0,0,0,0,0,1120,0,0.0
1977-11-17,619,0,0,261,0,0,277,0,0,49,0,0,0,0,0,1206,0,0.0
1977-11-18,668,3,0,333,1,0,334,0,0,76,0,0,0,0,0,1415,4,0.28
1977-11-19,105,0,0,115,0,0,143,0,0,43,0,0,0,0,0,406,0,0.0
1977-11-20,33,0,0,11,0,0,36,0,0,12,0,0,0,0,0,92,0,0.0
1977-11-21,406,0,0,249,0,0,233,0,0,40,0,0,0,0,0,928,0,0.0
1977-11-22,449,0,0,270,0,0,227,0,0,40,0,0,0,0,0,986,0,0.0
1977-11-23,647,0,0,315,0,0,265,0,0,34,0,0,0,0,0,1261,0,0.0
1977-11-24,144,0,0,77,0,0,109,0,0,18,0,0,0,0,0,348,0,0.0
1977-11-25,482,1,0,299,0,0,263,0,0,39,0,0,0,0,0,1084,1,0.09
1977-11-26,103,0,0,86,0,0,113,0,0,21,0,0,0,0,0,323,0,0.0
1977-11-27,42,0,0,19,0,0,22,0,0,7,0,0,0,0,0,90,0,0.0
1977-11-28,507,0,0,234,0,0,181,0,0,30,0,0,0,0,0,952,0,0.0
1977-11-29,536,0,0,299,0,0,211,0,0,56,0,0,0,0,0,1102,0,0.0
1977-11-30,600,0,0,338,0,0,299,1,0,39,0,0,0,0,0,1277,1,0.08
1977-12-01,541,0,0,288,0,0,257,1,0,45,0,0,0,0,0,1132,1,0.09
1977-12-02,630,0,0,322,0,0,322,0,0,46,0,0,0,0,0,1320,0,0.0
1977-12-03,138,0,0,75,0,0,141,0,0,32,0,0,0,0,0,386,0,0.0
1977-12-04,39,0,0,9,0,0,19,0,0,7,0,0,0,0,0,74,0,0.0
1977-12-05,499,0,0,270,0,0,211,1,0,30,0,0,0,0,0,1011,1,0.1
1977-12-06,477,0,0,338,0,0,254,0,0,39,0,0,0,0,0,1108,0,0.0
1977-12-07,645,0,0,341,0,0,309,0,0,38,0,0,0,0,0,1333,0,0.0
1977-12-08,547,0,0,278,0,0,270,1,0,44,0,0,0,0,0,1140,1,0.09
1977-12-09,553,0,0,297,1,0,299,0,0,47,0,0,0,0,0,1197,1,0.08
1977-12-10,149,1,0,112,0,0,142,0,0,153,0,0,0,0,0,557,1,0.18
1977-12-11,44,0,0,21,1,0,20,0,0,7,0,0,0,0,0,93,1,1.08
1977-12-12,495,0,0,255,0,0,218,1,0,41,0,0,0,0,0,1010,1,0.1
1977-12-13,494,0,0,287,0,0,242,0,0,57,0,0,0,0,0,1080,0,0.0
1977-12-14,474,0,0,309,0,0,274,0,0,53,0,0,0,0,0,1110,0,0.0
1977-12-15,553,0,0,284,0,0,274,0,0,67,0,0,0,0,0,1178,0,0.0
1977-12-16,514,0,0,284,0,0,293,0,0,57,0,0,0,0,0,1148,0,0.0
1977-12-17,91,0,0,82,0,0,106,0,0,27,0,0,0,0,0,306,0,0.0
1977-12-18,44,0,0,17,0,0,13,0,0,9,0,0,0,0,0,83,0,0.0
1977-12-19,496,0,0,252,0,0,222,0,0,39,0,0,0,0,0,1009,0,0.0
1977-12-20,510,0,0,324,0,0,249,0,0,39,0,0,0,0,0,1122,0,0.0
1977-12-21,517,0,0,270,0,0,245,0,0,49,0,0,0,0,0,1081,0,0.0
1977-12-22,491,0,0,301,0,0,250,0,0,35,1,0,0,0,0,1078,1,0.09
1977-12-23,512,0,0,326,0,0,305,0,0,45,0,0,0,0,0,1188,0,0.0
1977-12-24,118,0,0,64,0,0,85,0,0,24,0,0,0,0,0,291,0,0.0
1977-12-25,4,0,0,2,0,0,0,0,0,0,0,0,0,0,0,6,0,0.0
1977-12-26,45,0,0,30,0,0,20,0,0,9,0,0,0,0,0,104,0,0.0
1977-12-27,370,0,0,206,0,0,145,0,0,34,0,0,0,0,0,755,0,0.0
1977-12-28,464,0,0,257,0,0,197,0,0,34,0,0,0,0,0,952,0,0.0
1977-12-29,430,0,0,251,0,0,194,0,0,45,0,0,0,0,0,920,0,0.0
1977-12-30,485,0,0,261,0,0,162,0,0,36,0,0,0,0,0,944,0,0.0
1977-12-31,69,0,0,51,0,0,70,0,0,17,0,0,0,0,0,207,0,0.0
1978-01-01,33,1,0,16,0,0,27,0,1,16,2,1,0,0,0,97,5,5.15
1978-01-02,78,0,1,43,2,1,41,0,0,29,0,1,0,0,0,196,5,2.55
1978-01-03,401,1,1,195,0,0,180,0,0,51,1,2,0,0,0,832,5,0.6
1978-01-04,605,0,0,266,0,0,211,0,0,47,1,1,0,0,0,1131,2,0.18
1978-01-05,589,0,1,283,2,0,265,1,1,58,1,0,0,0,0,1201,6,0.5
1978-01-06,568,0,0,267,1,0,294,0,1,61,0,4,0,0,0,1196,6,0.5
1978-01-07,118,0,0,71,0,0,127,0,0,37,0,1,0,0,0,354,1,0.28
1978-01-08,51,0,0,41,0,0,28,1,0,16,1,0,0,0,0,138,2,1.45
1978-01-09,534,1,0,250,0,0,229,0,0,26,0,0,0,0,0,1040,1,0.1
1978-01-10,568,0,0,256,0,0,262,0,1,53,0,1,0,0,0,1141,2,0.18
1978-01-11,544,0,1,271,0,2,237,0,1,63,2,2,0,0,0,1123,8,0.71
1978-01-12,555,1,1,265,0,0,284,0,1,85,3,1,0,0,0,1196,7,0.59
1978-01-13,597,0,0,272,1,0,255,0,2,76,1,1,0,0,0,1205,5,0.41
1978-01-14,125,0,0,82,1,0,96,0,2,47,0,3,0,0,0,356,6,1.69
1978-01-15,74,0,0,29,0,0,33,0,0,40,0,1,0,0,0,177,1,0.56
1978-01-16,515,0,0,180,1,0,194,0,1,66,1,0,0,0,0,958,3,0.31
1978-01-17,649,1,1,286,0,0,302,0,0,60,0,0,0,0,0,1299,2,0.15
1978-01-18,587,0,2,271,1,0,274,1,1,70,0,1,0,0,0,1208,6,0.5
1978-01-19,593,2,0,288,1,0,292,1,0,87,1,1,0,0,0,1266,6,0.47
1978-01-20,688,2,1,295,2,0,298,0,0,67,3,1,0,0,0,1357,9,0.66
1978-01-21,111,1,0,73,0,2,113,0,0,40,1,1,0,0,0,342,5,1.46
1978-01-22,61,0,0,20,0,2,23,0,1,20,0,1,0,0,0,128,4,3.12
1978-01-23,535,0,0,208,0,0,192,0,1,46,0,3,0,0,0,985,4,0.41
1978-01-24,626,1,0,249,1,0,260,1,0,73,1,1,0,0,0,1213,5,0.41
1978-01-25,580,1,0,267,1,0,277,1,1,49,3,3,0,0,0,1183,10,0.85
1978-01-26,578,0,1,283,2,0,295,0,0,65,2,2,0,0,0,1228,7,0.57
1978-01-27,573,1,0,253,0,0,280,0,0,50,7,0,0,0,0,1164,8,0.69
1978-01-28,220,0,0,133,0,0,117,1,0,50,0,0,0,0,0,521,1,0.19
1978-01-29,48,0,0,24,0,0,34,0,2,10,2,2,0,0,0,122,6,4.92
1978-01-30,515,0,1,254,0,1,206,1,1,41,0,0,0,0,0,1020,4,0.39
1978-01-31,646,0,0,312,1,1,270,1,1,64,0,1,0,0,0,1297,5,0.39
1978-02-01,654,0,1,271,0,0,296,1,0,82,0,2,0,0,0,1307,4,0.31
1978-02-02,613,0,1,294,0,0,313,0,2,62,1,2,0,0,0,1288,6,0.47
1978-02-03,569,0,2,319,0,1,325,1,2,68,0,1,0,0,0,1288,7,0.54
1978-02-04,206,0,0,118,0,1,121,0,1,38,0,0,0,0,0,485,2,0.41
1978-02-05,67,1,0,19,1,0,23,0,0,21,0,1,0,0,0,133,3,2.26
1978-02-06,525,1,1,232,1,0,225,0,0,41,0,0,0,0,0,1026,3,0.29
1978-02-07,533,0,0,291,0,0,251,1,0,51,0,0,0,0,0,1127,1,0.09
1978-02-08,616,0,0,281,0,0,324,0,0,48,0,1,0,0,0,1270,1,0.08
1978-02-09,538,0,0,295,0,1,284,0,0,39,0,0,0,0,0,1157,1,0.09
1978-02-10,674,1,0,318,1,0,314,3,0,57,0,1,0,0,0,1369,6,0.44
1978-02-11,128,0,0,84,1,0,127,1,1,39,0,0,0,0,0,381,3,0.79
1978-02-12,56,2,0,22,1,0,40,1,1,10,0,1,0,0,0,134,6,4.48
1978-02-13,560,4,0,272,2,0,214,0,0,71,0,1,0,0,0,1124,7,0.62
1978-02-14,613,2,0,318,1,0,273,0,0,70,3,2,0,0,0,1282,8,0.62
1978-02-15,659,0,0,259,0,0,289,0,0,73,1,2,0,0,0,1283,3,0.23
1978-02-16,653,1,0,314,0,0,288,0,0,62,1,2,0,0,0,1321,4,0.3
1978-02-17,709,1,0,310,0,0,345,0,0,74,0,0,0,0,0,1439,1,0.07
1978-02-18,183,2,0,119,0,0,191,1,1,37,2,0,0,0,0,536,6,1.12
1978-02-19,43,0,1,13,0,0,42,0,0,16,0,0,0,0,0,115,1,0.87
1978-02-20,35,0,0,12,0,0,52,0,0,14,0,1,0,0,0,114,1,0.88
1978-02-21,561,1,1,217,1,1,230,0,0,45,0,1,0,0,0,1058,5,0.47
1978-02-22,657,0,0,276,2,1,307,1,0,57,0,1,0,0,0,1302,5,0.38
1978-02-23,597,0,0,272,1,0,298,1,0,90,0,1,0,0,0,1260,3,0.24
1978-02-24,752,0,1,335,1,0,341,0,0,64,0,0,0,0,0,1494,2,0.13
1978-02-25,124,0,0,68,0,0,124,1,0,49,1,2,0,0,0,369,4,1.08
1978-02-26,56,0,0,18,0,0,23,0,0,16,0,1,0,0,0,114,1,0.88
1978-02-27,586,1,0,234,0,1,237,0,0,47,0,1,0,0,0,1107,3,0.27
1978-02-28,653,1,0,312,2,0,272,0,4,61,0,1,0,0,0,1306,8,0.61
1978-03-01,582,0,1,233,0,0,246,1,0,49,1,1,0,0,0,1114,4,0.36
1978-03-02,575,0,0,261,0,0,264,0,1,54,1,0,0,0,0,1156,2,0.17
1978-03-03,695,2,0,353,0,2,301,0,0,50,2,2,0,0,0,1407,8,0.57
1978-03-04,137,0,0,98,0,0,111,0,0,39,1,0,0,0,0,386,1,0.26
1978-03-05,54,0,0,25,0,0,42,0,0,13,0,2,0,0,0,136,2,1.47
1978-03-06,527,0,1,229,0,0,225,0,0,37,0,0,0,0,0,1019,1,0.1
1978-03-07,622,2,0,263,0,0,303,0,0,57,2,1,0,0,0,1250,5,0.4
1978-03-08,616,0,0,281,0,1,277,1,1,41,0,2,0,0,0,1220,5,0.41
1978-03-09,603,1,0,306,1,2,273,0,0,70,1,0,0,0,0,1257,5,0.4
1978-03-10,726,3,0,328,0,0,347,0,0,50,2,2,0,0,0,1458,7,0.48
1978-03-11,114,0,0,78,0,0,146,0,0,37,0,1,0,0,0,376,1,0.27
1978-03-12,61,0,1,27,0,0,33,0,0,12,0,2,0,0,0,136,3,2.21
1978-03-13,491,1,0,226,0,0,239,2,0,26,1,0,0,0,0,986,4,0.41
1978-03-14,654,1,0,290,2,0,282,0,1,50,0,1,0,0,0,1281,5,0.39
1978-03-15,630,1,0,316,2,0,315,1,2,54,1,0,0,0,0,1322,7,0.53
1978-03-16,634,1,0,306,0,2,299,0,1,72,2,0,0,0,0,1317,6,0.46
1978-03-17,588,0,1,337,0,0,279,0,0,59,1,1,0,0,0,1266,3,0.24
1978-03-18,167,0,0,98,1,0,170,0,0,33,0,0,0,0,0,469,1,0.21
1978-03-19,87,1,0,53,0,0,59,0,0,18,0,0,0,0,0,218,1,0.46
1978-03-20,590,0,0,260,0,0,272,1,1,31,0,0,0,0,0,1155,2,0.17
1978-03-21,570,0,1,313,2,0,309,1,0,64,2,0,0,0,0,1262,6,0.48
1978-03-22,659,0,1,313,1,0,325,0,0,53,1,1,0,0,0,1354,4,0.3
1978-03-23,560,0,0,310,1,0,294,0,0,73,0,1,0,0,0,1239,2,0.16
1978-03-24,519,0,1,282,0,0,301,3,0,34,0,0,0,0,0,1140,4,0.35
1978-03-25,107,0,0,84,0,0,126,0,0,20,0,0,0,0,0,337,0,0.0
1978-03-26,58,0,0,23,0,0,22,0,0,10,0,1,0,0,0,114,1,0.88
1978-03-27,379,0,0,195,0,0,140,2,1,42,1,1,0,0,0,761,5,0.66
1978-03-28,542,0,0,278,1,1,260,1,0,68,0,0,0,0,0,1151,3,0.26
1978-03-29,671,1,1,309,1,2,330,0,0,92,0,2,0,0,0,1409,7,0.5
1978-03-30,622,4,0,287,3,0,305,0,0,75,2,0,0,0,0,1298,9,0.69
1978-03-31,630,2,2,307,0,0,348,0,0,73,0,0,0,0,0,1362,4,0.29
1978-04-01,225,0,0,78,0,0,160,0,2,48,0,3,0,0,0,516,5,0.97
1978-04-02,55,0,1,15,0,0,33,0,0,13,1,1,0,0,0,119,3,2.52
1978-04-03,568,0,0,253,1,0,245,1,0,52,0,0,0,0,0,1120,2,0.18
1978-04-04,666,1,0,271,0,0,297,1,1,57,0,1,0,0,0,1295,4,0.31
1978-04-05,600,2,0,272,0,0,299,1,1,59,0,0,0,0,0,1234,4,0.32
1978-04-06,543,4,0,263,1,0,376,0,0,60,0,0,0,0,0,1247,5,0.4
1978-04-07,624,0,0,288,0,0,348,0,1,46,0,1,0,0,0,1308,2,0.15
1978-04-08,147,0,0,128,1,0,154,0,2,35,2,0,0,0,0,469,5,1.07
1978-04-09,43,0,0,15,0,0,45,1,0,6,0,2,0,0,0,112,3,2.68
1978-04-10,573,0,0,247,0,0,228,2,1,32,0,0,0,0,0,1083,3,0.28
1978-04-11,590,0,1,313,0,0,345,0,2,50,0,1,0,0,0,1302,4,0.31
1978-04-12,599,2,2,276,2,0,304,2,1,47,3,1,0,0,0,1239,13,1.05
1978-04-13,607,2,0,304,1,2,311,0,0,40,0,1,0,0,0,1268,6,0.47
1978-04-14,614,2,0,336,2,1,348,0,0,55,1,0,0,0,0,1359,6,0.44
1978-04-15,162,0,0,115,1,0,158,0,0,44,1,2,0,0,0,483,4,0.83
1978-04-16,54,0,0,28,0,0,37,0,0,19,1,2,0,0,0,141,3,2.13
1978-04-17,585,1,0,261,3,0,236,1,0,46,0,1,0,0,0,1134,6,0.53
1978-04-18,711,0,1,313,1,0,286,0,0,48,1,0,0,0,0,1361,3,0.22
1978-04-19,617,0,2,331,1,0,358,0,1,51,0,0,0,0,0,1361,4,0.29
1978-04-20,522,1,1,305,0,1,306,0,0,60,0,1,0,0,0,1197,4,0.33
1978-04-21,590,0,0,355,2,0,300,0,0,42,0,0,0,0,0,1289,2,0.16
1978-04-22,238,0,0,140,1,0,173,1,0,28,0,0,0,0,0,581,2,0.34
1978-04-23,74,0,0,29,0,0,36,0,0,10,0,1,0,0,0,150,1,0.67
1978-04-24,550,0,0,271,2,0,205,1,0,31,1,0,0,0,0,1061,4,0.38
1978-04-25,570,1,0,261,0,0,277,1,0,36,0,1,0,0,0,1147,3,0.26
1978-04-26,638,0,0,320,0,0,294,0,1,50,0,0,0,0,0,1303,1,0.08
1978-04-27,632,1,2,296,0,1,353,0,1,41,0,1,0,0,0,1328,6,0.45
1978-04-28,675,1,1,350,0,1,318,1,1,30,0,0,0,0,0,1378,5,0.36
1978-04-29,157,0,0,119,0,1,135,0,0,30,0,0,0,0,0,442,1,0.23
1978-04-30,59,0,0,22,0,0,33,0,0,12,0,1,0,0,0,127,1,0.79
1978-05-01,352,0,0,146,0,0,131,1,2,30,3,0,0,0,0,665,6,0.9
1978-05-02,581,0,2,247,0,0,259,1,0,36,0,0,0,0,0,1126,3,0.27
1978-05-03,645,0,0,316,1,0,327,0,1,47,0,3,0,0,0,1340,5,0.37
1978-05-04,486,0,0,237,1,1,256,4,0,37,0,0,0,0,0,1022,6,0.59
1978-05-05,565,0,0,307,1,0,312,0,0,50,1,0,0,0,0,1236,2,0.16
1978-05-06,176,0,0,86,0,0,114,0,0,36,0,0,0,0,0,412,0,0.0
1978-05-07,51,0,0,26,0,0,24,0,1,13,0,0,0,0,0,115,1,0.87
1978-05-08,534,1,0,240,1,0,219,0,0,40,2,2,0,0,0,1039,6,0.58
1978-05-09,597,0,0,274,1,1,253,1,0,42,0,1,0,0,0,1170,4,0.34
1978-05-10,644,0,0,294,0,1,273,0,0,36,0,1,0,0,0,1249,2,0.16
1978-05-11,616,0,0,280,0,1,289,1,0,61,0,0,0,0,0,1248,2,0.16
1978-05-12,687,0,0,318,0,0,346,0,0,42,0,2,0,0,0,1395,2,0.14
1978-05-13,93,0,0,66,0,0,74,0,0,22,0,0,0,0,0,255,0,0.0
1978-05-14,56,0,0,19,0,0,37,0,0,9,0,0,0,0,0,121,0,0.0
1978-05-15,421,1,0,217,0,0,202,0,0,37,0,0,0,0,0,878,1,0.11
1978-05-16,587,1,0,292,1,0,289,1,0,43,0,0,0,0,0,1214,3,0.25
1978-05-17,582,2,0,289,1,0,316,0,0,60,0,1,0,0,0,1251,4,0.32
1978-05-18,585,0,0,329,0,1,323,0,1,75,0,0,0,0,0,1314,2,0.15
1978-05-19,442,0,0,281,0,1,267,0,1,72,3,0,0,0,0,1067,5,0.47
1978-05-20,87,0,0,61,0,0,163,0,0,43,0,0,0,0,0,354,0,0.0
1978-05-21,276,0,1,97,0,0,110,0,1,14,0,1,0,0,0,500,3,0.6
1978-05-22,504,0,0,250,1,0,277,0,0,40,0,1,0,0,0,1073,2,0.19
1978-05-23,578,0,0,301,1,0,334,2,0,49,0,0,0,0,0,1265,3,0.24
1978-05-24,593,0,0,268,0,0,269,0,0,60,2,1,0,0,0,1193,3,0.25
1978-05-25,556,0,0,305,0,2,274,0,0,53,1,0,0,0,0,1191,3,0.25
1978-05-26,663,1,1,343,0,1,318,0,0,58,0,0,0,0,0,1385,3,0.22
1978-05-27,91,0,0,82,0,0,102,0,0,33,0,0,0,0,0,308,0,0.0
1978-05-28,56,0,0,12,0,0,23,0,0,8,0,0,0,0,0,99,0,0.0
1978-05-29,37,0,0,13,0,0,28,0,0,12,0,0,0,0,0,90,0,0.0
1978-05-30,517,0,0,242,1,0,210,0,0,29,0,0,0,0,0,999,1,0.1
1978-05-31,625,0,0,278,0,1,237,0,0,54,0,1,0,0,0,1196,2,0.17
1978-06-01,556,2,0,282,0,0,231,1,0,39,1,0,0,0,0,1112,4,0.36
1978-06-02,663,0,0,323,1,0,291,0,1,34,0,0,0,0,0,1313,2,0.15
1978-06-03,117,0,0,79,0,0,129,0,1,35,2,3,0,0,0,366,6,1.64
1978-06-04,47,1,0,16,0,0,29,0,0,17,0,0,0,0,0,110,1,0.91
1978-06-05,469,1,0,219,0,0,209,0,0,37,0,2,0,0,0,937,3,0.32
1978-06-06,620,0,0,310,0,2,274,1,1,45,0,0,0,0,0,1253,4,0.32
1978-06-07,643,1,0,337,1,1,258,0,1,44,0,1,0,0,0,1287,5,0.39
1978-06-08,550,0,0,320,0,1,303,0,0,46,1,0,0,0,0,1221,2,0.16
1978-06-09,669,2,0,378,0,0,332,1,0,67,0,0,0,0,0,1449,3,0.21
1978-06-10,95,1,0,92,0,0,99,0,0,30,0,0,0,0,0,317,1,0.32
1978-06-11,40,0,0,14,0,0,25,0,0,16,2,2,0,0,0,99,4,4.04
1978-06-12,479,0,0,215,0,0,263,0,0,44,0,2,0,0,0,1003,2,0.2
1978-06-13,565,0,0,283,0,0,272,1,1,68,1,0,0,0,0,1191,3,0.25
1978-06-14,538,0,0,286,0,1,292,0,0,67,1,3,0,0,0,1188,5,0.42
1978-06-15,594,0,0,323,0,3,286,1,2,57,0,2,0,0,0,1268,8,0.63
1978-06-16,576,0,0,306,0,1,331,1,2,56,1,0,0,0,0,1274,5,0.39
1978-06-17,92,0,0,85,0,0,85,0,0,28,0,0,0,0,0,290,0,0.0
1978-06-18,51,0,0,18,0,1,23,0,0,10,0,1,0,0,0,104,2,1.92
1978-06-19,523,0,0,263,0,2,188,1,0,34,0,1,0,0,0,1012,4,0.4
1978-06-20,560,0,0,276,0,4,254,0,0,46,0,1,0,0,0,1141,5,0.44
1978-06-21,578,0,0,270,0,2,258,0,2,54,1,0,0,0,0,1165,5,0.43
1978-06-22,575,0,0,286,0,2,229,0,0,37,1,2,0,0,0,1132,5,0.44
1978-06-23,539,0,0,309,1,1,236,0,0,41,0,0,0,0,0,1127,2,0.18
1978-06-24,91,0,0,51,0,0,72,1,0,45,2,0,0,0,0,262,3,1.15
1978-06-25,48,0,0,28,0,0,21,0,1,9,0,0,0,0,0,107,1,0.93
1978-06-26,505,0,0,234,0,0,211,1,2,42,0,0,0,0,0,995,3,0.3
1978-06-27,476,0,0,273,0,0,194,5,1,36,0,0,0,0,0,985,6,0.61
1978-06-28,596,0,0,261,0,1,232,0,0,50,0,1,0,0,0,1141,2,0.18
1978-06-29,507,0,0,227,2,2,225,3,2,43,0,0,0,0,0,1011,9,0.89
1978-06-30,651,3,0,300,1,1,267,0,0,73,2,2,0,0,0,1300,9,0.69
1978-07-01,122,0,0,80,0,0,83,0,0,45,0,1,0,0,0,331,1,0.3
1978-07-02,48,0,0,25,0,0,23,0,0,29,0,0,0,0,0,125,0,0.0
1978-07-03,465,0,0,232,1,2,175,0,2,37,1,2,0,0,0,917,8,0.87
1978-07-04,66,0,0,40,0,0,46,0,0,28,2,0,0,0,0,182,2,1.1
1978-07-05,517,0,0,222,0,0,228,0,2,55,1,1,0,0,0,1026,4,0.39
1978-07-06,629,0,0,303,0,0,278,0,0,49,0,2,0,0,0,1261,2,0.16
1978-07-07,586,0,0,294,0,0,323,1,2,64,1,1,0,0,0,1272,5,0.39
1978-07-08,110,0,0,86,0,0,110,0,0,37,0,0,0,0,0,343,0,0.0
1978-07-09,54,0,0,16,0,0,23,0,0,11,1,0,0,0,0,105,1,0.95
1978-07-10,532,0,1,250,1,0,256,0,0,44,0,0,0,0,0,1084,2,0.18
1978-07-11,586,1,0,302,0,0,269,0,0,75,1,2,0,0,0,1236,4,0.32
1978-07-12,611,0,0,265,0,1,315,0,2,66,2,2,0,0,0,1264,7,0.55
1978-07-13,606,0,0,277,0,0,304,1,1,72,2,0,0,0,0,1263,4,0.32
1978-07-14,508,0,0,239,0,0,227,1,0,41,2,1,0,0,0,1019,4,0.39
1978-07-15,253,2,0,94,0,1,157,0,1,45,2,1,0,0,0,556,7,1.26
1978-07-16,42,0,0,23,0,0,43,0,1,12,0,0,0,0,0,121,1,0.83
1978-07-17,588,1,1,261,0,1,197,0,0,55,1,0,0,0,0,1105,4,0.36
1978-07-18,595,1,0,255,0,0,291,0,2,64,1,1,0,0,0,1210,5,0.41
1978-07-19,573,0,0,239,0,0,238,0,1,56,1,1,0,0,0,1109,3,0.27
1978-07-20,577,0,1,277,0,0,260,0,0,54,1,0,0,0,0,1170,2,0.17
1978-07-21,572,0,1,249,1,1,284,1,0,52,0,0,0,0,0,1161,4,0.34
1978-07-22,115,1,0,59,0,0,91,0,0,26,0,0,0,0,0,292,1,0.34
1978-07-23,55,0,0,23,0,0,34,0,0,12,0,0,0,0,0,124,0,0.0
1978-07-24,512,0,0,235,1,0,223,0,2,51,1,0,0,0,0,1025,4,0.39
1978-07-25,536,0,0,251,0,0,251,1,0,43,0,0,0,0,0,1082,1,0.09
1978-07-26,568,2,0,244,0,0,242,0,0,57,0,1,0,0,0,1114,3,0.27
1978-07-27,552,0,0,259,0,1,282,0,1,64,1,1,0,0,0,1161,4,0.34
1978-07-28,602,0,0,293,0,0,274,0,2,58,1,0,0,0,0,1230,3,0.24
1978-07-29,61,0,0,40,0,0,106,0,1,23,0,0,0,0,0,231,1,0.43
1978-07-30,46,0,0,21,0,0,25,0,1,15,0,0,0,0,0,108,1,0.93
1978-07-31,497,0,0,239,0,1,173,0,1,45,1,1,0,0,0,958,4,0.42
1978-08-01,586,0,0,303,1,0,254,0,1,45,1,0,0,0,0,1191,3,0.25
1978-08-02,596,0,0,386,0,0,279,0,1,37,0,0,0,0,0,1299,1,0.08
1978-08-03,545,2,0,272,0,0,221,0,2,47,0,0,0,0,0,1089,4,0.37
1978-08-04,543,1,0,272,0,2,243,1,1,49,1,1,0,0,0,1114,7,0.63
1978-08-05,109,0,0,66,0,0,77,0,0,28,1,0,0,0,0,281,1,0.36
1978-08-06,56,1,1,21,0,0,17,0,0,17,1,0,0,0,0,114,3,2.63
1978-08-07,476,0,0,209,1,1,205,2,0,40,1,1,0,0,0,936,6,0.64
1978-08-08,507,0,1,243,1,1,240,1,0,55,3,3,0,0,0,1055,10,0.95
1978-08-09,507,0,0,232,0,0,209,0,0,53,1,1,0,0,0,1003,2,0.2
1978-08-10,471,1,1,193,0,0,220,1,0,42,0,1,0,0,0,930,4,0.43
1978-08-11,625,0,0,285,1,0,243,1,0,49,4,0,0,0,0,1208,6,0.5
1978-08-12,118,0,0,73,0,0,90,0,0,26,1,1,0,0,0,309,2,0.65
1978-08-13,45,0,0,18,0,0,17,0,0,4,0,0,0,0,0,84,0,0.0
1978-08-14,532,0,0,227,0,0,210,0,1,38,1,0,0,0,0,1009,2,0.2
1978-08-15,456,1,0,227,0,0,193,0,1,49,0,0,0,0,0,927,2,0.22
1978-08-16,625,0,1,262,0,0,281,0,0,94,0,1,0,0,0,1264,2,0.16
1978-08-17,646,1,1,248,1,0,308,0,0,52,0,0,0,0,0,1257,3,0.24
1978-08-18,612,0,0,263,0,0,288,0,0,43,0,1,0,0,0,1207,1,0.08
1978-08-19,60,0,0,43,0,0,78,0,0,21,0,0,0,0,0,202,0,0.0
1978-08-20,39,0,0,19,0,0,18,1,0,6,0,1,0,0,0,84,2,2.38
1978-08-21,585,0,1,250,0,0,199,1,0,45,1,5,0,0,0,1087,8,0.74
1978-08-22,592,0,0,248,1,0,242,0,0,31,0,0,0,0,0,1114,1,0.09
1978-08-23,610,0,0,249,1,0,274,2,0,26,0,1,0,0,0,1163,4,0.34
1978-08-24,615,1,0,270,0,0,268,0,1,39,0,2,0,0,0,1196,4,0.33
1978-08-25,593,0,1,297,0,1,274,0,0,32,0,1,0,0,0,1199,3,0.25
1978-08-26,76,0,0,62,0,0,79,0,0,31,0,0,0,0,0,248,0,0.0
1978-08-27,39,0,0,19,0,0,36,0,1,5,0,0,0,0,0,100,1,1.0
1978-08-28,498,0,0,239,0,0,204,0,1,38,0,0,0,0,0,980,1,0.1
1978-08-29,572,1,1,235,0,1,208,0,1,40,1,0,0,0,0,1060,5,0.47
1978-08-30,575,0,1,253,0,0,282,2,0,50,0,1,0,0,0,1164,4,0.34
1978-08-31,572,1,0,220,1,0,260,0,1,54,0,1,0,0,0,1110,4,0.36
1978-09-01,673,1,0,260,0,0,299,1,2,56,0,0,0,0,0,1292,4,0.31
1978-09-02,105,0,0,68,0,0,116,0,0,27,0,0,0,0,0,316,0,0.0
1978-09-03,37,0,0,16,0,0,28,0,0,8,0,1,0,0,0,90,1,1.11
1978-09-04,33,0,0,16,0,0,28,0,0,10,0,0,0,0,0,87,0,0.0
1978-09-05,459,1,0,166,0,1,193,0,1,40,0,2,0,0,0,863,5,0.58
1978-09-06,597,0,1,232,0,0,239,0,0,47,1,1,0,0,0,1118,3,0.27
1978-09-07,550,0,0,224,1,0,290,2,1,44,0,3,0,0,0,1115,7,0.63
1978-09-08,637,1,1,286,0,0,303,1,0,60,0,4,0,0,0,1293,7,0.54
1978-09-09,109,1,0,78,0,0,104,0,0,32,1,1,0,0,0,326,3,0.92
1978-09-10,53,0,0,15,0,0,22,0,0,12,0,0,0,0,0,102,0,0.0
1978-09-11,533,2,2,234,1,0,215,2,0,35,0,0,0,0,0,1024,7,0.68
1978-09-12,532,0,0,307,0,0,268,0,3,37,0,0,0,0,0,1147,3,0.26
1978-09-13,538,0,0,273,0,0,293,0,1,44,0,0,0,0,0,1149,1,0.09
1978-09-14,589,1,0,316,0,0,306,0,0,52,1,1,0,0,0,1266,3,0.24
1978-09-15,627,3,0,336,0,0,323,0,1,46,1,0,0,0,0,1337,5,0.37
1978-09-16,130,0,0,83,0,0,115,0,0,38,0,0,0,0,0,366,0,0.0
1978-09-17,61,1,0,29,0,0,45,0,0,20,0,0,0,0,0,156,1,0.64
1978-09-18,510,1,0,263,3,0,229,0,0,94,0,1,0,0,0,1101,5,0.45
1978-09-19,666,2,0,299,1,0,296,0,1,83,0,1,0,0,0,1349,5,0.37
1978-09-20,722,0,0,328,0,0,321,0,2,80,2,1,0,0,0,1456,5,0.34
1978-09-21,603,2,0,310,0,1,311,0,1,61,0,1,0,0,0,1290,5,0.39
1978-09-22,574,1,0,271,0,0,301,0,2,74,1,2,0,0,0,1226,6,0.49
1978-09-23,236,0,0,99,0,0,144,1,2,41,1,2,0,0,0,526,6,1.14
1978-09-24,46,0,0,20,0,0,54,0,0,30,0,0,0,0,0,150,0,0.0
1978-09-25,517,0,0,223,0,0,197,0,3,29,0,1,0,0,0,970,4,0.41
1978-09-26,594,1,0,271,0,1,258,0,0,57,2,0,0,0,0,1184,4,0.34
1978-09-27,667,0,1,259,0,0,263,0,1,72,1,0,0,0,0,1264,3,0.24
1978-09-28,550,0,0,257,1,0,296,0,0,63,1,1,0,0,0,1169,3,0.26
1978-09-29,726,0,1,279,0,0,310,1,1,53,1,1,0,0,0,1373,5,0.36
1978-09-30,93,0,0,57,0,0,134,0,0,53,0,2,0,0,0,339,2,0.59
1978-10-01,53,0,1,25,0,0,33,1,0,16,0,3,0,0,0,132,5,3.79
1978-10-02,552,0,0,220,0,0,240,1,2,56,0,0,0,0,0,1071,3,0.28
1978-10-03,597,0,0,262,0,2,277,0,0,59,0,2,0,0,0,1199,4,0.33
1978-10-04,615,1,1,295,0,0,298,0,1,63,1,0,0,0,0,1275,4,0.31
1978-10-05,634,1,1,301,1,2,324,1,0,72,2,0,0,0,0,1339,8,0.6
1978-10-06,693,0,2,325,0,1,376,0,1,51,1,1,0,0,0,1451,6,0.41
1978-10-07,189,0,1,82,0,0,160,0,0,43,0,3,0,0,0,478,4,0.84
1978-10-08,47,0,0,25,0,0,38,0,0,16,0,0,0,0,0,126,0,0.0
1978-10-09,35,0,1,24,0,0,40,1,0,16,0,0,0,0,0,117,2,1.71
1978-10-10,432,0,1,222,0,0,190,0,2,36,0,0,0,0,0,883,3,0.34
1978-10-11,649,0,2,274,0,0,287,0,3,49,0,2,0,0,0,1266,7,0.55
1978-10-12,596,0,1,285,1,0,259,1,1,47,0,1,0,0,0,1192,5,0.42
1978-10-13,696,1,0,334,1,0,323,1,0,57,0,0,0,0,0,1413,3,0.21
1978-10-14,273,0,0,158,1,1,149,0,0,54,0,1,0,0,0,637,3,0.47
1978-10-15,64,1,0,26,0,0,38,0,2,27,0,0,0,0,0,158,3,1.9
1978-10-16,554,1,0,258,1,0,242,0,0,60,0,0,0,0,0,1116,2,0.18
1978-10-17,591,0,1,305,1,0,277,1,4,72,1,1,0,0,0,1254,9,0.72
1978-10-18,672,0,0,321,0,0,314,1,1,80,2,0,0,0,0,1391,4,0.29
1978-10-19,638,1,0,305,0,0,293,0,0,74,0,1,0,0,0,1312,2,0.15
1978-10-20,612,0,0,318,0,0,323,0,1,71,1,2,0,0,0,1328,4,0.3
1978-10-21,319,0,0,141,0,0,177,0,0,36,0,2,0,0,0,675,2,0.3
1978-10-22,60,0,0,44,0,0,44,0,0,16,0,0,0,0,0,164,0,0.0
1978-10-23,495,1,0,233,0,0,262,0,1,59,0,0,0,0,0,1051,2,0.19
1978-10-24,581,0,0,255,0,0,254,0,1,44,1,0,0,0,0,1136,2,0.18
1978-10-25,636,1,0,310,0,0,301,0,0,41,0,1,0,0,0,1290,2,0.16
1978-10-26,564,1,3,270,0,1,353,2,0,89,0,0,0,0,0,1283,7,0.55
1978-10-27,522,0,1,343,0,0,336,0,0,65,0,1,0,0,0,1268,2,0.16
1978-10-28,191,0,0,109,0,0,179,0,0,41,0,1,0,0,0,521,1,0.19
1978-10-29,54,0,0,24,0,0,36,0,4,9,0,0,0,0,0,127,4,3.15
1978-10-30,528,0,0,223,0,0,240,0,0,42,2,2,0,0,0,1037,4,0.39
1978-10-31,512,0,0,277,1,0,305,1,1,75,2,2,0,0,0,1176,7,0.6
1978-11-01,442,0,0,258,0,0,242,2,1,64,1,3,0,0,0,1013,7,0.69
1978-11-02,565,2,1,329,1,0,322,0,1,51,0,4,0,0,0,1276,9,0.71
1978-11-03,553,1,1,307,1,0,317,0,0,66,1,2,0,0,0,1249,6,0.48
1978-11-04,291,0,0,160,0,0,167,0,2,64,1,0,0,0,0,685,3,0.44
1978-11-05,49,0,0,17,0,0,39,0,2,17,2,1,0,0,0,127,5,3.94
1978-11-06,433,0,0,251,0,0,213,0,1,46,0,0,0,0,0,944,1,0.11
1978-11-07,564,0,0,298,0,0,292,0,2,62,0,4,0,0,0,1222,6,0.49
1978-11-08,554,0,0,287,0,0,282,0,0,60,0,1,0,0,0,1184,1,0.08
1978-11-09,569,0,0,329,0,0,334,2,1,85,0,0,0,0,0,1320,3,0.23
1978-11-10,283,0,0,138,1,0,200,0,2,48,0,1,0,0,0,673,4,0.59
1978-11-11,123,0,0,71,0,0,99,0,0,19,1,0,0,0,0,313,1,0.32
1978-11-12,14,0,0,9,0,0,13,0,0,29,0,1,0,0,0,66,1,1.52
1978-11-13,397,1,1,203,0,1,204,1,2,41,0,0,0,0,0,851,6,0.71
1978-11-14,358,0,0,177,3,0,193,3,0,22,5,0,0,0,0,761,11,1.45
1978-11-15,667,0,0,296,0,0,302,1,0,59,0,3,0,0,0,1328,4,0.3
1978-11-16,599,0,0,300,0,0,307,0,0,45,0,2,0,0,0,1253,2,0.16
1978-11-17,606,2,1,321,0,0,325,0,0,69,0,1,0,0,0,1325,4,0.3
1978-11-18,250,0,0,145,0,0,158,0,0,65,0,1,0,0,0,619,1,0.16
1978-11-19,52,1,0,36,0,0,47,0,0,23,0,3,0,0,0,162,4,2.47
1978-11-20,536,0,0,274,0,0,261,0,0,70,0,1,0,0,0,1142,1,0.09
1978-11-21,595,0,1,329,0,0,332,0,0,59,3,2,0,0,0,1321,6,0.45
1978-11-22,660,2,0,338,0,1,404,0,3,74,2,3,0,0,0,1487,11,0.74
1978-11-23,159,0,0,110,0,0,141,0,0,20,0,4,0,0,0,434,4,0.92
1978-11-24,534,1,0,332,0,0,379,0,0,47,0,1,0,0,0,1294,2,0.15
1978-11-25,246,0,0,140,0,0,185,0,1,31,0,1,0,0,0,604,2,0.33
1978-11-26,41,0,0,30,0,0,46,1,0,14,0,4,0,0,0,136,5,3.68
1978-11-27,466,0,1,256,0,0,281,1,1,40,0,2,0,0,0,1048,5,0.48
1978-11-28,606,0,0,308,0,0,374,1,2,54,1,0,0,0,0,1346,4,0.3
1978-11-29,576,1,2,244,0,0,314,0,2,64,2,0,0,0,0,1205,7,0.58
1978-11-30,652,0,0,298,0,1,367,0,0,55,0,4,0,0,0,1377,5,0.36
1978-12-01,576,0,1,261,0,0,317,0,6,46,2,0,0,0,0,1209,9,0.74
1978-12-02,131,0,1,86,0,0,125,1,3,18,0,2,0,0,0,367,7,1.91
1978-12-03,194,0,0,62,0,0,83,0,2,25,0,1,0,0,0,367,3,0.82
1978-12-04,119,0,0,87,0,0,133,0,4,21,1,2,0,0,0,367,7,1.91
1978-12-05,392,0,0,212,1,1,252,0,0,51,1,3,0,0,0,913,6,0.66
1978-12-06,723,0,0,326,0,0,416,0,2,72,1,1,0,0,0,1541,4,0.26
1978-12-07,543,0,0,293,1,0,335,0,0,61,1,0,0,0,0,1234,2,0.16
1978-12-08,615,0,2,311,0,0,319,0,2,69,0,0,0,0,0,1318,4,0.3
1978-12-09,231,0,0,123,0,0,173,1,1,35,0,0,0,0,0,564,2,0.35
1978-12-10,155,0,0,61,0,0,60,0,2,14,0,0,0,0,0,292,2,0.68
1978-12-11,459,0,0,215,0,0,212,1,3,39,1,0,0,0,0,930,5,0.54
1978-12-12,570,0,1,255,0,0,268,0,1,41,2,0,0,0,0,1138,4,0.35
1978-12-13,545,0,1,240,0,0,242,0,1,69,2,1,0,0,0,1101,5,0.45
1978-12-14,531,0,0,235,0,0,272,0,1,63,1,0,0,0,0,1103,2,0.18
1978-12-15,597,0,0,321,0,0,309,1,0,65,1,3,0,0,0,1297,5,0.39
1978-12-16,200,0,0,126,0,0,151,1,0,35,0,0,0,0,0,513,1,0.19
1978-12-17,45,0,0,16,0,0,46,0,0,4,0,0,0,0,0,111,0,0.0
1978-12-18,464,0,0,210,0,0,187,1,1,42,0,0,0,0,0,905,2,0.22
1978-12-19,548,0,0,269,1,0,240,0,0,41,0,1,0,0,0,1100,2,0.18
1978-12-20,519,0,0,263,0,0,255,0,1,48,0,0,0,0,0,1086,1,0.09
1978-12-21,569,0,0,275,1,0,264,2,0,53,1,0,0,0,0,1165,4,0.34
1978-12-22,507,0,1,275,0,0,271,2,0,54,0,2,0,0,0,1112,5,0.45
1978-12-23,248,0,1,114,0,0,131,0,0,48,1,0,0,0,0,543,2,0.37
1978-12-24,47,1,0,15,1,0,42,0,0,22,0,0,0,0,0,128,2,1.56
1978-12-25,6,0,0,1,0,0,2,0,0,0,0,0,0,0,0,9,0,0.0
1978-12-26,284,1,0,145,0,0,123,0,0,33,0,0,0,0,0,586,1,0.17
1978-12-27,466,1,0,191,1,0,170,0,0,37,1,1,0,0,0,868,4,0.46
1978-12-28,460,0,0,236,0,1,181,0,0,39,0,0,0,0,0,917,1,0.11
1978-12-29,447,0,1,224,0,0,169,0,0,48,4,0,0,0,0,893,5,0.56
1978-12-30,198,0,1,123,0,0,104,1,0,31,2,0,0,0,0,460,4,0.87
1978-12-31,38,1,0,31,0,0,34,0,0,16,1,1,0,0,0,122,3,2.46
1979-01-01,37,2,6,25,1,1,30,0,6,15,1,4,0,0,0,128,21,16.41
1979-01-02,382,1,0,186,0,0,140,0,0,26,0,2,0,0,0,737,3,0.41
1979-01-03,578,0,0,222,1,0,179,0,1,32,0,1,0,0,0,1014,3,0.3
1979-01-04,465,0,1,190,0,0,220,0,0,35,1,0,0,0,0,912,2,0.22
1979-01-05,627,0,0,233,0,0,258,0,1,41,0,1,0,0,0,1161,2,0.17
1979-01-06,147,0,0,77,0,0,114,0,0,51,1,0,0,0,0,390,1,0.26
1979-01-07,43,0,0,15,0,0,32,0,0,15,1,0,0,0,0,106,1,0.94
1979-01-08,531,0,0,209,1,2,187,0,0,41,1,1,0,0,0,973,5,0.51
1979-01-09,550,1,0,265,1,0,240,2,0,49,3,3,0,0,0,1114,10,0.9
1979-01-10,619,0,0,285,1,0,279,0,2,52,2,1,0,0,0,1241,6,0.48
1979-01-11,596,3,0,256,1,0,228,4,1,57,2,2,0,0,0,1150,13,1.13
1979-01-12,579,0,0,234,0,0,259,0,0,72,0,5,0,0,0,1149,5,0.44
1979-01-13,236,0,1,111,0,0,131,0,0,47,0,1,0,0,0,527,2,0.38
1979-01-14,51,1,0,25,0,1,40,0,0,9,0,0,0,0,0,127,2,1.57
1979-01-15,503,0,0,236,0,1,206,1,1,52,0,0,0,0,0,1000,3,0.3
1979-01-16,555,0,1,238,0,0,247,0,0,63,0,0,0,0,0,1104,1,0.09
1979-01-17,613,1,0,252,0,0,244,0,1,70,0,1,0,0,0,1182,3,0.25
1979-01-18,607,0,0,264,0,1,268,1,0,56,1,1,0,0,0,1199,4,0.33
1979-01-19,554,0,0,269,0,1,287,1,0,63,0,3,0,0,0,1178,5,0.42
1979-01-20,331,0,0,108,0,0,151,0,0,55,1,2,0,0,0,648,3,0.46
1979-01-21,84,0,0,40,0,0,57,0,0,23,0,1,0,0,0,205,1,0.49
1979-01-22,488,0,0,229,1,0,211,0,0,50,1,1,0,0,0,981,3,0.31
1979-01-23,558,0,0,261,0,0,271,0,0,63,2,0,0,0,0,1155,2,0.17
1979-01-24,454,1,0,212,1,0,253,0,0,72,1,2,0,0,0,996,5,0.5
1979-01-25,568,0,1,250,0,0,318,2,0,79,6,1,0,0,0,1225,10,0.82
1979-01-26,547,0,1,284,0,0,288,0,1,50,3,1,0,0,0,1175,6,0.51
1979-01-27,207,1,0,113,0,0,138,0,0,36,2,1,0,0,0,498,4,0.8
1979-01-28,91,0,0,37,0,0,55,0,0,16,0,0,0,0,0,199,0,0.0
1979-01-29,484,0,0,257,0,0,220,1,0,37,0,0,0,0,0,999,1,0.1
1979-01-30,477,1,0,264,0,0,272,1,0,38,1,0,0,0,0,1054,3,0.28
1979-01-31,523,0,0,252,1,0,275,0,1,56,0,0,0,0,0,1108,2,0.18
1979-02-01,603,0,0,268,0,0,292,0,0,57,0,0,0,0,0,1220,0,0.0
1979-02-02,608,0,0,286,0,1,332,0,1,35,0,1,0,0,0,1264,3,0.24
1979-02-03,272,0,0,153,0,0,115,0,1,29,1,1,0,0,0,572,3,0.52
1979-02-04,43,0,0,19,0,0,17,0,0,7,0,0,0,0,0,86,0,0.0
1979-02-05,487,0,0,207,1,0,204,0,0,31,0,1,0,0,0,931,2,0.21
1979-02-06,616,1,0,266,1,0,276,2,2,62,1,0,0,0,0,1227,7,0.57
1979-02-07,462,0,0,229,0,0,244,0,3,45,0,1,0,0,0,984,4,0.41
1979-02-08,572,0,3,288,1,0,284,2,0,56,1,0,0,0,0,1207,7,0.58
1979-02-09,542,1,1,238,0,0,283,0,1,62,0,0,0,0,0,1128,3,0.27
1979-02-10,340,0,1,125,0,1,137,0,0,36,0,0,0,0,0,640,2,0.31
1979-02-11,79,0,0,28,0,0,69,0,0,18,0,0,0,0,0,194,0,0.0
1979-02-12,559,0,0,214,0,0,275,0,0,51,0,0,0,0,0,1099,0,0.0
1979-02-13,467,0,0,183,0,0,263,1,0,59,1,0,0,0,0,974,2,0.21
1979-02-14,590,0,0,250,1,0,257,0,1,68,0,2,0,0,0,1169,4,0.34
1979-02-15,542,1,0,264,0,0,293,0,1,59,3,1,0,0,0,1164,6,0.52
1979-02-16,664,0,0,338,0,0,326,0,0,55,1,0,0,0,0,1384,1,0.07
1979-02-17,330,1,0,135,0,0,140,0,0,35,0,1,0,0,0,642,2,0.31
1979-02-18,136,0,1,70,0,0,54,0,0,21,0,0,0,0,0,282,1,0.35
1979-02-19,212,0,0,85,0,1,90,1,0,27,1,2,0,0,0,419,5,1.19
1979-02-20,445,0,0,184,2,0,195,0,0,33,1,2,0,0,0,862,5,0.58
1979-02-21,461,0,1,223,0,0,244,0,1,58,2,6,0,0,0,996,10,1.0
1979-02-22,569,2,1,264,0,0,272,1,0,68,0,0,0,0,0,1177,4,0.34
1979-02-23,647,1,0,278,0,0,267,0,0,68,1,1,0,0,0,1263,3,0.24
1979-02-24,250,0,0,97,0,0,135,0,0,34,2,2,0,0,0,520,4,0.77
1979-02-25,49,0,0,22,0,0,43,0,0,18,0,0,0,0,0,132,0,0.0
1979-02-26,468,2,0,226,0,0,210,3,1,55,2,1,0,0,0,968,9,0.93
1979-02-27,523,0,0,234,0,0,247,2,1,48,0,1,0,0,0,1056,4,0.38
1979-02-28,594,1,0,286,0,0,288,1,1,73,3,3,0,0,0,1250,9,0.72
1979-03-01,609,1,0,263,0,0,297,1,1,80,4,5,0,0,0,1261,12,0.95
1979-03-02,677,0,0,346,0,1,310,0,0,66,1,3,0,0,0,1404,5,0.36
1979-03-03,263,0,1,95,0,0,154,0,0,46,0,0,0,0,0,559,1,0.18
1979-03-04,164,0,0,48,0,0,58,0,1,23,0,0,0,0,0,294,1,0.34
1979-03-05,599,1,0,200,0,0,233,1,0,36,2,1,0,0,0,1073,5,0.47
1979-03-06,584,1,0,233,0,0,259,0,0,71,1,5,0,0,0,1154,7,0.61
1979-03-07,688,0,0,297,0,0,271,0,0,66,1,4,0,0,0,1327,5,0.38
1979-03-08,610,1,0,286,0,0,299,0,0,61,3,4,0,0,0,1264,8,0.63
1979-03-09,644,1,0,343,1,0,327,0,1,71,1,2,0,0,0,1391,6,0.43
1979-03-10,221,1,0,92,0,0,121,0,0,39,2,2,0,0,0,478,5,1.05
1979-03-11,134,0,0,54,0,0,62,0,2,26,1,1,0,0,0,280,4,1.43
1979-03-12,497,0,1,210,0,1,231,0,4,40,0,3,0,0,0,987,9,0.91
1979-03-13,608,0,1,299,0,0,272,0,2,58,7,0,0,0,0,1247,10,0.8
1979-03-14,617,0,0,260,0,0,316,0,0,91,2,1,0,0,0,1287,3,0.23
1979-03-15,589,1,1,261,0,0,325,0,1,79,1,4,0,0,0,1262,8,0.63
1979-03-16,639,0,0,325,0,0,392,1,3,77,0,0,0,0,0,1437,4,0.28
1979-03-17,243,0,0,122,0,1,166,0,2,55,1,2,0,0,0,592,6,1.01
1979-03-18,139,0,1,63,0,0,75,0,1,21,0,0,0,0,0,300,2,0.67
1979-03-19,515,0,1,247,0,1,211,1,4,39,0,1,0,0,0,1020,8,0.78
1979-03-20,533,0,0,250,0,0,319,0,0,77,0,4,0,0,0,1183,4,0.34
1979-03-21,523,1,0,261,0,0,239,0,3,73,2,3,0,0,0,1105,9,0.81
1979-03-22,560,1,1,263,0,1,315,0,0,67,0,0,0,0,0,1208,3,0.25
1979-03-23,634,2,0,322,1,0,348,0,0,67,0,0,0,0,0,1374,3,0.22
1979-03-24,163,0,0,94,0,0,95,1,1,23,0,0,0,0,0,377,2,0.53
1979-03-25,166,0,1,63,0,0,69,0,0,16,0,2,0,0,0,317,3,0.95
1979-03-26,492,0,0,262,0,0,261,1,4,38,0,0,0,0,0,1058,5,0.47
1979-03-27,558,3,0,283,1,0,246,2,2,52,3,0,0,0,0,1150,11,0.96
1979-03-28,611,0,0,268,0,0,242,2,0,46,0,3,0,0,0,1172,5,0.43
1979-03-29,596,0,1,302,0,1,273,0,1,56,0,1,0,0,0,1231,4,0.32
1979-03-30,657,2,0,317,5,0,324,1,0,55,1,3,0,0,0,1365,12,0.88
1979-03-31,164,0,0,94,0,0,103,0,0,39,1,1,0,0,0,402,2,0.5
1979-04-01,76,0,0,10,0,1,19,0,0,9,2,0,0,0,0,117,3,2.56
1979-04-02,461,0,1,237,0,2,187,1,0,28,0,2,0,0,0,919,6,0.65
1979-04-03,613,0,1,294,0,1,269,0,2,26,0,0,0,0,0,1206,4,0.33
1979-04-04,542,0,0,306,0,0,284,0,3,49,0,5,0,0,0,1189,8,0.67
1979-04-05,561,0,0,273,1,0,269,0,0,41,0,1,0,0,0,1146,2,0.17
1979-04-06,616,0,0,327,0,0,289,0,1,46,0,1,0,0,0,1280,2,0.16
1979-04-07,155,0,0,117,0,0,136,0,0,30,0,2,0,0,0,440,2,0.45
1979-04-08,193,0,0,80,0,0,68,0,0,10,0,0,0,0,0,351,0,0.0
1979-04-09,518,1,0,261,0,0,231,0,0,44,0,0,0,0,0,1055,1,0.09
1979-04-10,595,0,0,323,0,0,272,0,0,52,0,1,0,0,0,1243,1,0.08
1979-04-11,563,0,0,334,0,1,275,0,1,50,0,3,0,0,0,1227,5,0.41
1979-04-12,670,0,0,290,0,0,274,0,0,62,0,1,0,0,0,1297,1,0.08
1979-04-13,462,0,1,200,0,1,198,0,1,42,2,3,0,0,0,910,8,0.88
1979-04-14,255,1,0,98,0,0,129,0,1,32,1,1,0,0,0,518,4,0.77
1979-04-15,173,0,0,77,0,0,75,0,0,15,1,1,0,0,0,342,2,0.58
1979-04-16,359,0,1,190,0,1,142,0,0,35,1,2,0,0,0,731,5,0.68
1979-04-17,545,4,1,249,0,0,265,0,1,44,0,2,0,0,0,1111,8,0.72
1979-04-18,570,5,2,271,0,0,277,3,0,59,0,2,0,0,0,1189,12,1.01
1979-04-19,549,3,1,258,0,1,297,1,0,60,0,2,0,0,0,1172,8,0.68
1979-04-20,578,5,1,241,0,0,269,5,1,38,2,0,0,0,0,1140,14,1.23
1979-04-21,223,3,0,94,0,0,127,0,0,20,0,2,0,0,0,469,5,1.07
1979-04-22,31,0,0,15,0,0,20,1,0,7,4,1,0,0,0,79,6,7.59
1979-04-23,502,5,0,264,0,0,193,0,1,27,1,1,0,0,0,994,8,0.8
1979-04-24,540,7,0,259,1,0,249,1,1,59,3,0,0,0,0,1120,13,1.16
1979-04-25,494,3,0,230,0,2,257,3,1,44,0,2,0,0,0,1036,11,1.06
1979-04-26,520,9,2,242,1,1,240,0,0,41,1,1,0,0,0,1058,15,1.42
1979-04-27,615,9,4,268,2,1,283,7,2,49,1,2,0,0,0,1243,28,2.25
1979-04-28,214,3,1,87,0,1,112,1,0,18,0,0,0,0,0,437,6,1.37
1979-04-29,50,0,0,34,0,1,35,1,1,5,0,0,0,0,0,127,3,2.36
1979-04-30,463,4,1,202,1,1,223,1,1,36,0,1,0,0,0,934,10,1.07
1979-05-01,437,11,2,182,0,0,210,3,2,41,0,0,0,0,0,888,18,2.03
1979-05-02,584,5,0,235,5,1,257,4,4,38,2,6,0,0,0,1141,27,2.37
1979-05-03,416,12,0,184,4,0,227,9,1,30,1,5,0,0,0,889,32,3.6
1979-05-04,551,9,0,254,0,2,296,3,2,41,0,1,0,0,0,1159,17,1.47
1979-05-05,234,9,0,86,0,0,104,5,0,18,2,1,0,0,0,459,17,3.7
1979-05-06,23,0,0,12,0,0,16,2,0,3,1,0,0,0,0,57,3,5.26
1979-05-07,461,3,2,189,2,0,241,5,1,24,1,2,0,0,0,931,16,1.72
1979-05-08,562,10,1,266,1,1,285,3,3,50,0,1,0,0,0,1183,20,1.69
1979-05-09,515,13,0,280,1,1,254,2,0,42,0,2,0,0,0,1110,19,1.71
1979-05-10,585,8,1,304,0,1,303,4,0,40,0,1,0,0,0,1247,15,1.2
1979-05-11,599,8,2,296,2,3,325,7,0,49,1,1,0,0,0,1293,24,1.86
1979-05-12,244,7,0,83,0,0,131,8,0,24,1,3,0,0,0,501,19,3.79
1979-05-13,53,0,0,30,0,0,29,1,0,3,1,1,0,0,0,118,3,2.54
1979-05-14,467,7,2,236,0,0,236,2,1,36,1,2,0,0,0,990,15,1.52
1979-05-15,619,8,3,260,1,0,250,4,3,38,1,2,0,0,0,1189,22,1.85
1979-05-16,506,12,3,245,0,1,266,5,4,44,1,1,0,0,0,1088,27,2.48
1979-05-17,578,6,0,285,0,1,309,8,0,57,0,3,0,0,0,1247,18,1.44
1979-05-18,635,23,1,278,0,0,322,5,2,49,1,0,0,0,0,1316,32,2.43
1979-05-19,313,1,0,134,0,1,150,5,0,29,0,0,0,0,0,633,7,1.11
1979-05-20,41,1,0,27,0,0,31,1,1,13,2,1,0,0,0,118,6,5.08
1979-05-21,450,13,0,221,1,2,212,3,1,35,0,1,0,0,0,939,21,2.24
1979-05-22,563,7,1,275,2,0,276,9,2,40,1,1,0,0,0,1177,23,1.95
1979-05-23,650,6,1,301,1,0,286,3,2,44,1,1,0,0,0,1296,15,1.16
1979-05-24,473,12,2,231,0,3,281,7,2,39,4,2,0,0,0,1056,32,3.03
1979-05-25,619,7,1,287,0,0,353,9,2,40,6,1,0,0,0,1325,26,1.96
1979-05-26,305,3,0,148,0,0,164,3,1,46,2,1,0,0,0,673,10,1.49
1979-05-27,76,0,0,31,0,0,41,0,0,6,0,1,0,0,0,155,1,0.65
1979-05-28,38,0,0,31,0,1,28,1,1,15,1,2,0,0,0,118,6,5.08
1979-05-29,555,6,1,256,0,1,238,1,1,41,0,0,0,0,0,1100,10,0.91
1979-05-30,553,6,1,266,1,0,288,0,4,42,4,1,0,0,0,1166,17,1.46
1979-05-31,579,4,8,288,0,0,280,4,1,56,2,4,0,0,0,1226,23,1.88
1979-06-01,622,17,2,314,0,3,347,9,0,45,2,0,0,0,0,1361,33,2.42
1979-06-02,296,6,0,130,0,0,125,1,1,29,3,2,0,0,0,593,13,2.19
1979-06-03,33,0,0,14,0,0,37,1,0,6,0,1,0,0,0,92,2,2.17
1979-06-04,410,12,0,194,0,0,203,2,2,35,0,2,0,0,0,860,18,2.09
1979-06-05,633,5,1,238,0,0,261,3,3,34,1,2,0,0,0,1181,15,1.27
1979-06-06,641,5,2,269,0,0,251,1,2,54,2,1,0,0,0,1228,13,1.06
1979-06-07,507,4,1,254,1,1,284,1,0,41,0,1,0,0,0,1095,9,0.82
1979-06-08,552,5,1,264,1,1,302,2,2,58,1,4,0,0,0,1193,17,1.42
1979-06-09,226,0,0,108,0,0,126,0,0,43,1,2,0,0,0,506,3,0.59
1979-06-10,94,1,0,36,0,0,40,0,0,8,2,0,0,0,0,181,3,1.66
1979-06-11,330,2,1,201,1,1,195,2,1,37,1,0,0,0,0,772,9,1.17
1979-06-12,511,3,2,240,2,0,256,1,1,31,1,2,0,0,0,1050,12,1.14
1979-06-13,495,3,0,223,0,1,264,2,2,44,1,1,0,0,0,1036,10,0.97
1979-06-14,501,7,1,244,2,0,262,0,0,62,1,4,0,0,0,1084,15,1.38
1979-06-15,638,5,2,284,1,1,342,0,0,69,1,3,0,0,0,1346,13,0.97
1979-06-16,345,0,1,107,0,2,164,1,0,47,2,1,0,0,0,670,7,1.04
1979-06-17,38,0,0,16,0,0,33,1,0,17,0,1,0,0,0,106,2,1.89
1979-06-18,482,6,1,181,0,0,226,1,0,66,0,3,0,0,0,966,11,1.14
1979-06-19,503,1,1,220,1,0,292,1,1,57,1,1,0,0,0,1079,7,0.65
1979-06-20,512,6,7,224,0,0,276,1,3,51,1,3,0,0,0,1084,21,1.94
1979-06-21,621,1,2,255,0,1,300,2,1,41,0,2,0,0,0,1226,9,0.73
1979-06-22,520,12,0,264,1,0,310,1,0,52,0,1,0,0,0,1161,15,1.29
1979-06-23,352,0,1,143,0,0,143,1,0,35,1,0,0,0,0,676,3,0.44
1979-06-24,50,0,0,17,0,0,45,0,0,5,2,1,0,0,0,120,3,2.5
1979-06-25,429,10,1,211,2,1,235,1,0,39,1,1,0,0,0,931,17,1.83
1979-06-26,647,3,2,276,0,0,310,1,0,67,2,0,0,0,0,1308,8,0.61
1979-06-27,533,8,2,279,0,1,264,1,1,72,0,3,0,0,0,1164,16,1.37
1979-06-28,580,6,1,289,0,0,284,2,0,65,1,1,0,0,0,1229,11,0.9
1979-06-29,569,14,0,290,2,2,315,4,1,67,6,2,0,0,0,1272,31,2.44
1979-06-30,233,1,1,147,0,1,138,1,0,53,1,1,0,0,0,577,6,1.04
1979-07-01,190,0,1,65,0,0,57,0,1,22,2,2,0,0,0,340,6,1.76
1979-07-02,521,3,0,244,0,1,215,2,0,38,1,1,0,0,0,1026,8,0.78
1979-07-03,667,12,1,296,0,1,235,2,0,49,1,0,0,0,0,1264,17,1.34
1979-07-04,155,6,1,79,1,0,75,3,1,34,3,1,0,0,0,359,16,4.46
1979-07-05,597,5,1,261,0,2,240,6,0,58,1,2,0,0,0,1173,17,1.45
1979-07-06,495,2,2,265,0,0,284,2,1,56,3,1,0,0,0,1111,11,0.99
1979-07-07,255,2,0,104,0,0,137,0,0,68,3,2,0,0,0,571,7,1.23
1979-07-08,86,0,0,40,0,0,30,0,0,24,4,0,0,0,0,184,4,2.17
1979-07-09,489,2,0,184,0,0,209,1,1,55,0,0,0,0,0,941,4,0.43
1979-07-10,545,10,1,209,1,1,227,4,0,40,2,2,0,0,0,1042,21,2.02
1979-07-11,600,16,1,230,0,0,271,3,2,58,1,1,0,0,0,1183,24,2.03
1979-07-12,634,9,1,247,1,0,301,3,0,81,2,2,0,0,0,1281,18,1.41
1979-07-13,603,6,1,239,1,0,317,0,0,74,1,3,0,0,0,1245,12,0.96
1979-07-14,369,2,0,127,0,0,172,0,0,49,1,1,0,0,0,721,4,0.55
1979-07-15,99,0,0,38,0,0,61,1,1,20,0,0,0,0,0,220,2,0.91
1979-07-16,455,4,2,186,2,2,248,3,0,66,1,2,0,0,0,971,16,1.65
1979-07-17,525,11,1,233,0,0,241,5,0,58,1,4,0,0,0,1079,22,2.04
1979-07-18,508,3,0,249,0,0,274,0,1,65,1,1,0,0,0,1102,6,0.54
1979-07-19,627,13,1,218,0,1,232,5,1,74,1,0,0,0,0,1173,22,1.88
1979-07-20,600,9,0,246,0,0,278,3,1,37,1,0,0,0,0,1175,14,1.19
1979-07-21,234,1,1,87,0,0,108,0,0,34,0,0,0,0,0,465,2,0.43
1979-07-22,120,0,0,46,0,1,56,0,0,9,0,0,0,0,0,232,1,0.43
1979-07-23,421,8,0,172,1,1,204,1,1,41,1,0,0,0,0,851,13,1.53
1979-07-24,534,9,2,216,1,0,222,5,1,30,0,1,0,0,0,1021,19,1.86
1979-07-25,542,7,0,215,0,0,236,1,0,26,1,2,0,0,0,1030,11,1.07
1979-07-26,464,9,0,233,0,0,270,1,3,43,0,0,0,0,0,1023,13,1.27
1979-07-27,560,3,1,246,0,0,290,1,0,26,1,1,0,0,0,1129,7,0.62
1979-07-28,175,0,0,77,0,0,93,1,0,20,0,0,0,0,0,366,1,0.27
1979-07-29,131,0,0,40,0,0,28,1,0,15,0,0,0,0,0,215,1,0.47
1979-07-30,415,3,1,231,0,1,240,2,0,33,1,0,0,0,0,927,8,0.86
1979-07-31,522,14,0,243,1,0,283,5,0,23,0,2,0,0,0,1093,22,2.01
1979-08-01,525,5,2,225,4,0,265,2,1,33,0,1,0,0,0,1063,15,1.41
1979-08-02,532,6,0,265,1,0,265,3,0,31,0,3,0,0,0,1106,13,1.18
1979-08-03,589,4,0,249,0,0,288,3,0,22,0,0,0,0,0,1155,7,0.61
1979-08-04,189,2,0,114,0,0,116,1,0,19,0,0,0,0,0,441,3,0.68
1979-08-05,102,1,0,48,0,0,38,0,0,14,0,0,0,0,0,203,1,0.49
1979-08-06,431,14,0,208,0,0,202,2,0,23,0,0,0,0,0,880,16,1.82
1979-08-07,541,15,0,240,0,0,256,7,0,18,0,0,0,0,0,1077,22,2.04
1979-08-08,601,5,0,265,0,0,264,4,2,32,0,2,0,0,0,1175,13,1.11
1979-08-09,593,4,0,256,2,0,243,0,0,32,0,0,0,0,0,1130,6,0.53
1979-08-10,636,22,1,280,0,0,260,8,1,52,0,2,0,0,0,1262,34,2.69
1979-08-11,162,3,0,78,0,0,104,0,0,34,0,2,0,0,0,383,5,1.31
1979-08-12,115,1,0,39,0,0,39,0,0,11,0,0,0,0,0,205,1,0.49
1979-08-13,504,12,0,233,0,0,240,2,0,44,0,2,0,0,0,1037,16,1.54
1979-08-14,563,10,0,244,0,0,254,2,0,43,0,2,0,0,0,1118,14,1.25
1979-08-15,573,19,0,225,0,0,234,0,0,29,0,3,0,0,0,1083,22,2.03
1979-08-16,540,10,0,242,2,0,304,3,0,34,1,1,0,0,0,1137,17,1.5
1979-08-17,565,10,0,302,0,0,292,1,1,34,0,0,0,0,0,1205,12,1.0
1979-08-18,186,1,0,105,1,0,131,0,1,26,0,2,0,0,0,453,5,1.1
1979-08-19,127,0,0,47,0,0,42,0,0,5,0,0,0,0,0,221,0,0.0
1979-08-20,564,9,0,226,1,0,227,5,0,38,1,1,0,0,0,1072,17,1.59
1979-08-21,587,9,1,234,0,0,281,7,0,30,0,2,0,0,0,1151,19,1.65
1979-08-22,610,4,0,222,0,0,276,3,1,48,0,3,0,0,0,1167,11,0.94
1979-08-23,530,8,0,241,0,0,273,2,0,55,0,0,0,0,0,1109,10,0.9
1979-08-24,587,12,0,258,0,0,293,3,0,33,1,0,0,0,0,1187,16,1.35
1979-08-25,156,3,0,58,1,0,106,4,0,15,0,0,0,0,0,343,8,2.33
1979-08-26,135,0,0,40,0,0,32,0,0,5,0,0,0,0,0,212,0,0.0
1979-08-27,460,6,0,216,0,0,251,1,0,43,3,1,0,0,0,981,11,1.12
1979-08-28,622,6,0,252,0,0,271,2,1,48,0,2,0,0,0,1204,11,0.91
1979-08-29,600,10,0,244,0,0,246,4,1,49,1,2,0,0,0,1157,18,1.56
1979-08-30,581,6,0,234,0,0,286,2,1,72,2,0,0,0,0,1184,11,0.93
1979-08-31,611,10,0,269,0,0,305,1,0,93,0,1,0,0,0,1290,12,0.93
1979-09-01,229,0,0,65,0,0,132,0,0,30,0,3,0,0,0,459,3,0.65
1979-09-02,70,0,0,16,0,0,33,0,0,12,0,0,0,0,0,131,0,0.0
1979-09-03,33,0,0,18,0,0,25,0,0,4,0,0,0,0,0,80,0,0.0
1979-09-04,480,7,0,203,0,0,220,6,0,40,0,2,0,0,0,958,15,1.57
1979-09-05,576,5,1,232,0,0,250,2,0,43,1,1,0,0,0,1111,10,0.9
1979-09-06,598,7,0,196,1,0,268,6,1,33,0,1,0,0,0,1111,16,1.44
1979-09-07,663,14,0,253,0,0,272,4,0,46,0,0,0,0,0,1252,18,1.44
1979-09-08,137,2,0,73,0,0,113,1,0,16,1,0,0,0,0,343,4,1.17
1979-09-09,35,1,0,9,0,0,28,0,0,6,0,1,0,0,0,80,2,2.5
1979-09-10,546,1,0,278,0,2,198,3,0,25,1,0,0,0,0,1054,7,0.66
1979-09-11,680,1,1,272,0,0,238,2,0,25,0,3,0,0,0,1222,7,0.57
1979-09-12,643,1,0,269,1,0,284,0,2,37,0,0,0,0,0,1237,4,0.32
1979-09-13,546,1,0,189,0,0,263,3,0,44,1,0,0,0,0,1047,5,0.48
1979-09-14,662,4,0,290,2,0,275,1,0,51,1,0,0,0,0,1286,8,0.62
1979-09-15,266,0,0,111,0,0,108,0,0,26,4,1,0,0,0,516,5,0.97
1979-09-16,51,0,0,21,0,0,25,0,0,9,0,0,0,0,0,106,0,0.0
1979-09-17,526,0,0,259,0,0,244,0,0,26,1,0,0,0,0,1056,1,0.09
1979-09-18,623,1,0,326,0,0,298,1,1,36,0,1,0,0,0,1287,4,0.31
1979-09-19,639,1,0,301,2,0,298,1,1,44,1,0,0,0,0,1288,6,0.47
1979-09-20,485,0,0,192,1,0,249,2,0,40,1,1,0,0,0,971,5,0.51
1979-09-21,710,0,0,314,0,1,323,2,0,46,2,1,0,0,0,1399,6,0.43
1979-09-22,260,0,0,113,0,0,127,0,0,23,0,0,0,0,0,523,0,0.0
1979-09-23,41,0,0,12,0,0,28,0,0,5,1,0,0,0,0,87,1,1.15
1979-09-24,499,0,1,244,0,0,219,0,1,36,0,0,0,0,0,1000,2,0.2
1979-09-25,643,2,0,262,1,0,265,1,0,38,4,1,0,0,0,1217,9,0.74
1979-09-26,583,0,1,244,0,0,322,0,1,41,1,2,0,0,0,1195,5,0.42
1979-09-27,528,1,0,229,2,0,276,2,0,43,3,2,0,0,0,1086,10,0.92
1979-09-28,642,1,0,250,0,0,323,2,0,47,0,0,0,0,0,1265,3,0.24
1979-09-29,102,2,0,54,0,0,134,0,1,23,0,0,0,0,0,316,3,0.95
1979-09-30,31,0,0,10,0,0,19,0,0,8,0,1,0,0,0,69,1,1.45
1979-10-01,617,2,0,214,0,1,264,0,0,24,1,0,0,0,0,1123,4,0.36
1979-10-02,605,0,0,216,0,0,255,1,1,41,0,1,0,0,0,1120,3,0.27
1979-10-03,496,4,0,185,0,1,235,0,2,42,1,2,0,0,0,968,10,1.03
1979-10-04,635,2,1,240,0,0,276,1,0,42,2,0,0,0,0,1199,6,0.5
1979-10-05,616,7,0,236,1,0,292,0,0,63,1,0,0,0,0,1216,9,0.74
1979-10-06,213,0,0,106,0,0,147,0,0,35,0,0,0,0,0,501,0,0.0
1979-10-07,164,0,0,65,0,0,37,0,0,12,0,0,0,0,0,278,0,0.0
1979-10-08,48,0,0,25,0,0,41,1,0,21,0,0,0,0,0,136,1,0.74
1979-10-09,456,0,0,161,3,0,225,1,0,30,2,1,0,0,0,879,7,0.8
1979-10-10,551,4,0,211,0,0,262,2,1,57,0,0,0,0,0,1088,7,0.64
1979-10-11,582,4,0,204,0,1,290,0,1,43,0,0,0,0,0,1125,6,0.53
1979-10-12,636,11,0,252,0,3,351,2,0,43,0,0,0,0,0,1298,16,1.23
1979-10-13,157,1,0,43,0,0,116,0,0,25,0,0,0,0,0,342,1,0.29
1979-10-14,29,0,0,12,0,0,26,0,0,3,0,0,0,0,0,70,0,0.0
1979-10-15,474,12,0,188,0,0,249,0,1,39,2,1,0,0,0,966,16,1.66
1979-10-16,627,5,0,261,0,0,273,1,3,68,0,0,0,0,0,1238,9,0.73
1979-10-17,603,2,0,234,0,0,259,0,0,49,0,1,0,0,0,1148,3,0.26
1979-10-18,550,2,0,262,1,0,321,0,0,56,1,0,0,0,0,1193,4,0.34
1979-10-19,590,0,1,244,0,0,331,0,0,38,0,0,0,0,0,1204,1,0.08
1979-10-20,132,0,0,65,0,0,126,0,2,23,1,0,0,0,0,349,3,0.86
1979-10-21,42,0,0,16,0,0,23,0,0,13,0,1,0,0,0,95,1,1.05
1979-10-22,446,3,2,208,0,0,248,0,1,56,1,0,0,0,0,965,7,0.73
1979-10-23,557,3,2,226,0,1,343,2,1,58,1,1,0,0,0,1195,11,0.92
1979-10-24,565,3,1,218,0,1,307,2,0,47,0,1,0,0,0,1145,8,0.7
1979-10-25,526,0,1,232,1,1,317,2,3,60,0,1,0,0,0,1144,9,0.79
1979-10-26,537,1,2,256,0,0,357,0,1,50,1,1,0,0,0,1206,6,0.5
1979-10-27,297,0,0,172,0,0,178,0,0,34,0,0,0,0,0,681,0,0.0
1979-10-28,51,0,0,14,0,0,37,0,0,15,0,1,0,0,0,118,1,0.85
1979-10-29,556,2,0,198,2,0,244,0,0,44,0,2,0,0,0,1048,6,0.57
1979-10-30,514,38,5,273,12,2,296,21,0,52,4,4,0,0,0,1221,86,7.04
1979-10-31,525,37,4,260,18,3,272,22,2,45,7,0,0,0,0,1195,93,7.78
1979-11-01,449,0,2,215,0,0,272,1,3,42,1,1,0,0,0,986,8,0.81
1979-11-02,531,1,1,248,0,2,316,3,3,67,2,0,0,0,0,1174,12,1.02
1979-11-03,278,0,0,122,0,0,138,0,1,29,2,0,0,0,0,570,3,0.53
1979-11-04,48,0,0,23,0,0,13,0,0,9,0,1,0,0,0,94,1,1.06
1979-11-05,511,1,2,221,2,0,222,1,0,48,2,1,0,0,0,1011,9,0.89
1979-11-06,569,3,0,248,0,0,284,0,0,38,0,0,0,0,0,1142,3,0.26
1979-11-07,570,4,0,270,1,0,284,2,1,55,0,1,0,0,0,1188,9,0.76
1979-11-08,490,6,0,229,0,0,346,1,0,43,0,1,0,0,0,1116,8,0.72
1979-11-09,646,4,1,315,0,0,367,0,0,55,1,1,0,0,0,1390,7,0.5
1979-11-10,209,4,0,98,0,0,189,0,0,35,0,1,0,0,0,536,5,0.93
1979-11-11,97,2,0,27,1,0,53,0,0,11,1,0,0,0,0,192,4,2.08
1979-11-12,79,2,0,47,0,0,87,3,0,24,1,1,0,0,0,244,7,2.87
1979-11-13,517,2,3,220,0,1,276,1,0,49,0,2,0,0,0,1071,9,0.84
1979-11-14,575,0,0,220,2,0,349,1,1,103,1,1,0,0,0,1253,6,0.48
1979-11-15,488,3,0,223,0,0,374,1,1,138,1,0,0,0,0,1229,6,0.49
1979-11-16,616,3,0,285,0,0,434,1,2,73,1,0,0,0,0,1415,7,0.49
1979-11-17,217,2,0,111,0,0,158,0,1,34,1,0,0,0,0,524,4,0.76
1979-11-18,136,2,6,27,0,1,45,0,2,19,1,1,0,0,0,240,13,5.42
1979-11-19,446,3,2,188,0,0,335,0,1,74,0,0,0,0,0,1049,6,0.57
1979-11-20,585,4,0,215,1,0,424,1,2,61,1,0,0,0,0,1294,9,0.7
1979-11-21,503,4,3,226,1,2,472,3,1,87,0,2,0,0,0,1304,16,1.23
1979-11-22,213,2,1,85,0,0,187,0,1,46,0,1,0,0,0,536,5,0.93
1979-11-23,513,1,0,241,1,0,393,1,0,100,6,1,0,0,0,1257,10,0.8
1979-11-24,177,3,0,93,0,0,179,1,1,42,0,2,0,0,0,498,7,1.41
1979-11-25,37,4,0,14,0,0,47,0,0,13,1,0,0,0,0,116,5,4.31
1979-11-26,440,1,3,197,0,0,302,0,0,100,1,2,0,0,0,1046,7,0.67
1979-11-27,574,0,1,264,0,0,400,1,1,80,0,4,0,0,0,1325,7,0.53
1979-11-28,480,2,2,253,1,0,402,1,2,80,2,1,0,0,0,1226,11,0.9
1979-11-29,457,2,0,252,0,0,387,1,0,69,0,0,0,0,0,1168,3,0.26
1979-11-30,540,2,3,292,1,0,450,0,2,65,1,0,0,0,0,1356,9,0.66
1979-12-01,221,2,4,134,0,0,179,0,2,56,1,3,0,0,0,602,12,1.99
1979-12-02,101,0,1,47,0,0,66,1,0,38,3,1,0,0,0,258,6,2.33
1979-12-03,422,6,0,196,1,1,269,8,2,64,5,0,0,0,0,974,23,2.36
1979-12-04,504,1,0,236,1,0,332,1,2,78,3,0,1,0,0,1159,8,0.69
1979-12-05,488,1,0,289,0,0,347,1,2,89,4,5,0,0,0,1226,13,1.06
1979-12-06,424,0,0,239,2,0,309,1,0,82,5,1,0,0,0,1063,9,0.85
1979-12-07,490,2,0,265,0,0,383,0,0,79,4,3,0,0,0,1226,9,0.73
1979-12-08,156,5,1,82,0,0,156,2,2,33,9,3,0,0,0,449,22,4.9
1979-12-09,175,1,0,65,0,0,67,0,0,30,2,0,0,0,0,340,3,0.88
1979-12-10,417,1,0,231,1,1,257,1,0,82,1,1,0,0,0,993,6,0.6
1979-12-11,502,5,0,242,0,2,422,1,2,73,6,0,0,0,0,1255,16,1.27
1979-12-12,514,3,0,258,0,1,341,0,0,59,6,1,0,0,0,1183,11,0.93
1979-12-13,473,0,0,220,1,1,302,0,3,67,6,1,0,0,0,1074,12,1.12
1979-12-14,482,2,0,246,0,1,334,0,0,63,2,0,0,0,0,1130,5,0.44
1979-12-15,202,2,2,79,1,0,135,0,1,63,1,1,0,0,0,487,8,1.64
1979-12-16,133,1,0,50,1,1,51,0,1,18,1,0,0,0,0,257,5,1.95
1979-12-17,447,1,0,211,2,1,245,1,0,61,0,0,0,0,0,969,5,0.52
1979-12-18,556,3,0,234,1,1,287,3,2,65,2,1,0,0,0,1155,13,1.13
1979-12-19,516,3,1,233,2,0,324,1,1,74,0,5,0,0,0,1160,13,1.12
1979-12-20,555,0,2,267,0,0,341,1,1,89,0,6,0,0,0,1262,10,0.79
1979-12-21,573,1,0,270,0,0,362,0,0,91,0,3,0,0,0,1300,4,0.31
1979-12-22,203,0,0,105,0,0,190,0,0,48,1,3,0,0,0,550,4,0.73
1979-12-23,98,0,0,27,0,0,50,0,0,22,0,1,0,0,0,198,1,0.51
1979-12-24,27,1,0,16,0,0,68,0,0,37,0,1,0,0,0,150,2,1.33
1979-12-25,10,2,0,3,0,0,8,1,0,7,1,0,0,0,0,32,4,12.5
1979-12-26,314,0,1,144,2,0,210,0,0,30,0,3,0,0,0,704,6,0.85
1979-12-27,466,0,1,206,0,0,246,0,2,57,1,1,0,0,0,980,5,0.51
1979-12-28,489,0,8,227,1,0,284,1,7,66,0,4,0,0,0,1087,21,1.93
1979-12-29,92,1,2,56,0,0,171,0,8,119,0,5,0,0,0,454,16,3.52
1979-12-30,105,0,1,52,0,1,75,0,1,44,0,2,0,0,0,281,5,1.78
1979-12-31,344,0,3,149,1,3,195,1,5,73,2,6,0,0,0,782,21,2.69
