date,actual_cables,cables_with_counter,counter_min,counter_max,implied_volume_naive_span,ratio_span_over_actual
1973-01-02,6,6,80,130687,130608,21768.0
1973-01-03,9,9,6937,17759,10823,1202.56
1973-01-04,2,2,14696,24450,9755,4877.5
1973-01-07,8,8,30709,94329,63621,7952.62
1973-01-08,3,3,40095,40835,741,247.0
1973-01-09,4,4,48935,54819,5885,1471.25
1973-01-10,1,1,61320,61320,1,1.0
1973-01-11,2,2,77528,80461,2934,1467.0
1973-01-16,1,1,119748,119748,1,1.0
1973-01-17,1,1,130664,130664,1,1.0
1973-01-21,2,2,33601,36745,3145,1572.5
1973-01-23,2,2,63967,66070,2104,1052.0
1973-01-29,1,1,125627,125627,1,1.0
1973-02-01,2,2,33101,35688,2588,1294.0
1973-02-05,2,2,65757,70480,4724,2362.0
1973-02-08,2,2,104573,203337,98765,49382.5
1973-02-09,1,1,32846,32846,1,1.0
1973-02-10,1,1,578,578,1,1.0
1973-02-13,1,1,25168,25168,1,1.0
1973-02-19,1,1,126087,126087,1,1.0
1973-02-21,1,1,117508,117508,1,1.0
1973-02-24,1,1,23678,23678,1,1.0
1973-02-26,2,2,38980,53173,14194,7097.0
1973-03-01,4,4,79336,86336,7001,1750.25
1973-03-04,2,2,107885,112254,4370,2185.0
1973-03-05,2,2,119352,122701,3350,1675.0
1973-03-06,1,1,55518,55518,1,1.0
1973-03-07,2,2,24104,24272,169,84.5
1973-03-08,4,4,34089,44797,10709,2677.25
1973-03-09,1,1,50398,50398,1,1.0
1973-03-11,1,1,60056,60056,1,1.0
1973-03-12,1,1,73686,73686,1,1.0
1973-03-14,3,3,94266,98715,4450,1483.33
1973-03-18,2,2,13948,127441,113494,56747.0
1973-03-19,1,1,124990,124990,1,1.0
1973-03-30,1,1,27078,27078,1,1.0
1973-04-08,1,1,130778,130778,1,1.0
1973-04-09,1,1,11146,11146,1,1.0
1973-04-12,1,1,105741,105741,1,1.0
1973-04-13,1,1,64645,64645,1,1.0
1973-04-22,1,1,12822,12822,1,1.0
1973-05-09,1,1,9525,9525,1,1.0
1973-05-11,2,2,94982,113234,18253,9126.5
1973-05-22,1,1,213,213,1,1.0
1973-05-23,1,1,75192,75192,1,1.0
1973-06-01,1,1,99953,99953,1,1.0
1973-06-02,9,9,102644,109297,6654,739.33
1973-06-03,1,1,125683,125683,1,1.0
1973-06-04,1,1,5067,5067,1,1.0
1973-06-06,1,1,53865,53865,1,1.0
1973-06-07,1,1,92915,92915,1,1.0
1973-06-13,2,2,17720,20866,3147,1573.5
1973-06-25,4,4,42282,54172,11891,2972.75
1973-06-27,1,1,86862,86862,1,1.0
1973-06-28,2,2,105249,116303,11055,5527.5
1973-06-29,171,171,86080,110306,24227,141.68
1973-06-30,97,97,91546,106491,14946,154.08
1973-07-01,39,39,99185,114306,15122,387.74
1973-07-02,566,566,101825,122394,20570,36.34
1973-07-03,139,139,313,130816,130504,938.88
1973-07-04,3,3,622,9206,8585,2861.67
1973-07-05,235,235,7,131064,131058,557.69
1973-07-06,8,8,19542,102482,82941,10367.62
1973-07-07,8,8,23603,127215,103613,12951.62
1973-07-08,4,4,33854,49877,16024,4006.0
1973-07-09,411,411,32213,66810,34598,84.18
1973-07-10,809,809,6004,129217,123214,152.3
1973-07-11,746,746,46654,106177,59524,79.79
1973-07-12,686,686,58056,105889,47834,69.73
1973-07-13,806,806,41433,127169,85737,106.37
1973-07-14,177,177,25402,128617,103216,583.14
1973-07-15,26,26,86391,127263,40873,1572.04
1973-07-16,639,639,7005,128737,121733,190.51
1973-07-17,675,675,4427,125780,121354,179.78
1973-07-18,775,775,103,130917,130815,168.79
1973-07-19,745,745,33,131067,131035,175.89
1973-07-20,838,838,1980,129154,127175,151.76
1973-07-21,172,172,9413,108107,98695,573.81
1973-07-22,23,23,23133,24997,1865,81.09
1973-07-23,646,646,26243,93406,67164,103.97
1973-07-24,626,626,28062,80390,52329,83.59
1973-07-25,733,733,44896,93763,48868,66.67
1973-07-26,358,358,27596,119191,91596,255.85
1973-07-27,667,667,37239,207141,169903,254.73
1973-07-28,144,144,68396,117652,49257,342.06
1973-07-29,29,29,1298,87369,86072,2968.0
1973-07-30,597,597,8430,116937,108508,181.76
1973-07-31,699,699,94593,130134,35542,50.85
1973-08-01,741,741,888,130724,129837,175.22
1973-08-02,764,764,640,130752,130113,170.3
1973-08-03,916,916,35,131069,131035,143.05
1973-08-04,175,175,317,129107,128791,735.95
1973-08-05,26,26,7603,42592,34990,1345.77
1973-08-06,592,592,12578,64735,52158,88.1
1973-08-07,658,658,14306,63611,49306,74.93
1973-08-08,732,732,17784,71213,53430,72.99
1973-08-09,743,743,26249,67048,40800,54.91
1973-08-10,834,834,49904,114962,65059,78.01
1973-08-11,156,156,60677,75620,14944,95.79
1973-08-12,32,32,66524,92556,26033,813.53
1973-08-13,679,679,69013,90485,21473,31.62
1973-08-14,686,686,75126,109947,34822,50.76
1973-08-15,617,617,45418,109450,64033,103.78
1973-08-16,663,663,5560,120474,114915,173.33
1973-08-17,823,823,436,130201,129766,157.67
1973-08-18,141,141,116,127103,126988,900.62
1973-08-19,19,19,29255,126781,97527,5133.0
1973-08-20,728,728,28,131068,131041,180.0
1973-08-21,685,685,4713,114622,109910,160.45
1973-08-22,652,652,15480,43234,27755,42.57
1973-08-23,737,737,26522,104394,77873,105.66
1973-08-24,843,843,17866,73633,55768,66.15
1973-08-25,133,133,50243,103496,53254,400.41
1973-08-26,33,33,57017,101287,44271,1341.55
1973-08-27,663,663,46155,102809,56655,85.45
1973-08-28,666,666,45806,114018,68213,102.42
1973-08-29,694,694,21328,117098,95771,138.0
1973-08-30,769,769,90130,131031,40902,53.19
1973-08-31,973,973,378,127809,127432,130.97
1973-09-01,194,194,20759,127884,107126,552.2
1973-09-02,37,37,20719,128712,107994,2918.76
1973-09-03,78,78,139,130929,130791,1676.81
1973-09-04,666,666,1,131067,131067,196.8
1973-09-05,740,740,5307,55349,50043,67.63
1973-09-06,654,654,8761,58092,49332,75.43
1973-09-07,814,814,19724,66873,47150,57.92
1973-09-08,120,120,28993,54313,25321,211.01
1973-09-09,36,36,45106,81672,36567,1015.75
1973-09-10,699,699,45332,122918,77587,111.0
1973-09-11,836,836,55716,112800,57085,68.28
1973-09-12,796,796,2355,112847,110493,138.81
1973-09-13,832,832,5117,103497,98381,118.25
1973-09-14,910,910,937,119542,118606,130.34
1973-09-15,240,240,14366,114646,100281,417.84
1973-09-16,58,58,14858,120915,106058,1828.59
1973-09-17,749,749,6803,127493,120691,161.14
1973-09-18,810,810,24,131042,131019,161.75
1973-09-19,873,873,2,131063,131062,150.13
1973-09-20,752,752,10264,99542,89279,118.72
1973-09-21,875,875,21109,75712,54604,62.4
1973-09-22,168,168,32512,76630,44119,262.61
1973-09-23,32,32,40354,79013,38660,1208.12
1973-09-24,707,707,42117,118134,76018,107.52
1973-09-25,889,889,35899,113195,77297,86.95
1973-09-26,864,864,53582,120726,67145,77.71
1973-09-27,818,818,41472,117791,76320,93.3
1973-09-28,986,986,83761,130544,46784,47.45
1973-09-29,256,256,13768,130468,116701,455.86
1973-09-30,30,30,13480,111291,97812,3260.4
1973-10-01,723,723,1074,130535,129462,179.06
1973-10-02,719,719,103,131049,130947,182.12
1973-10-03,792,792,21,131068,131048,165.46
1973-10-04,844,844,7068,34347,27280,32.32
1973-10-05,894,894,13064,50195,37132,41.53
1973-10-06,174,174,24343,77178,52836,303.66
1973-10-07,85,85,39435,58447,19013,223.68
1973-10-08,165,165,43639,67100,23462,142.19
1973-10-09,641,641,48288,104482,56195,87.67
1973-10-10,847,847,57148,122643,65496,77.33
1973-10-11,802,802,67455,126669,59215,73.83
1973-10-12,680,680,65798,125076,59279,87.17
1973-10-13,198,198,9595,110424,100830,509.24
1973-10-14,91,91,98961,121719,22759,250.1
1973-10-15,796,796,1002,124610,123609,155.29
1973-10-16,895,895,536,130170,129635,144.84
1973-10-17,704,704,6,131049,131044,186.14
1973-10-18,821,821,4051,127986,123936,150.96
1973-10-19,747,742,17129,118995,101867,136.37
1973-10-20,194,194,30648,70707,40060,206.49
1973-10-21,4,4,36555,123849,87295,21823.75
1973-10-22,104,104,47831,73889,26059,250.57
1973-10-23,467,467,50439,98488,48050,102.89
1973-10-24,762,762,59188,124113,64926,85.2
1973-10-25,741,741,53625,104801,51177,69.06
1973-10-26,932,932,80228,107737,27510,29.52
1973-10-27,257,257,508,129831,129324,503.21
1973-10-28,39,39,98578,101583,3006,77.08
1973-10-29,347,347,4330,117372,113043,325.77
1973-10-30,507,507,4157,129253,125097,246.74
1973-10-31,840,840,334,130992,130659,155.55
1973-11-01,660,660,7,131023,131017,198.51
1973-11-02,882,882,2545,45612,43068,48.83
1973-11-03,295,295,10935,371051,360117,1220.74
1973-11-04,77,77,21951,77636,55686,723.19
1973-11-05,547,547,30493,73690,43198,78.97
1973-11-06,779,779,1489,101917,100429,128.92
1973-11-07,810,810,50329,111601,61273,75.65
1973-11-08,720,720,40386,89328,48943,67.98
1973-11-09,807,807,2693,112523,109831,136.1
1973-11-10,384,384,66422,119968,53547,139.45
1973-11-11,46,46,50020,97103,47084,1023.57
1973-11-12,669,669,2151,123776,121626,181.8
1973-11-13,801,801,744,127456,126713,158.19
1973-11-14,756,756,213,130927,130715,172.9
1973-11-15,788,788,48,131069,131022,166.27
1973-11-16,878,878,4725,100777,96053,109.4
1973-11-17,211,211,18122,114748,96627,457.95
1973-11-18,26,26,24061,123545,99485,3826.35
1973-11-19,734,734,26566,116135,89570,122.03
1973-11-20,890,890,34042,123696,89655,100.74
1973-11-21,865,865,45357,107934,62578,72.34
1973-11-22,192,192,56334,69216,12883,67.1
1973-11-23,811,811,58005,110473,52469,64.7
1973-11-24,214,214,69892,84217,14326,66.94
1973-11-25,33,33,55622,78938,23317,706.58
1973-11-26,542,542,1773,104730,102958,189.96
1973-11-27,155,155,1314,124468,123155,794.55
1973-11-28,794,794,45752,124768,79017,99.52
1973-11-29,810,810,2683,130236,127554,157.47
1973-11-30,901,901,12,131070,131059,145.46
1973-12-01,233,233,47,131051,131005,562.25
1973-12-02,45,45,5819,47684,41866,930.36
1973-12-03,694,694,4735,55894,51160,73.72
1973-12-04,798,798,15412,82785,67374,84.43
1973-12-05,787,787,30919,79616,48698,61.88
1973-12-06,821,821,44534,89221,44688,54.43
1973-12-07,856,856,37174,105171,67998,79.44
1973-12-08,206,206,63154,106405,43252,209.96
1973-12-09,27,27,30663,82675,52013,1926.41
1973-12-10,653,641,65997,125253,59257,90.75
1973-12-11,696,696,19016,117434,98419,141.41
1973-12-12,686,686,596,129813,129218,188.36
1973-12-13,583,583,73,130451,130379,223.63
1973-12-14,766,765,52,131065,131014,171.04
1973-12-15,209,208,8074,34013,25940,124.11
1973-12-16,42,42,14481,62735,48255,1148.93
1973-12-17,593,593,5206,90379,85174,143.63
1973-12-18,699,693,26245,64473,38229,54.69
1973-12-19,756,754,32905,117947,85043,112.49
1973-12-20,768,768,49132,90611,41480,54.01
1973-12-21,823,823,59002,94926,35925,43.65
1973-12-22,266,266,74546,103032,28487,107.09
1973-12-23,35,35,81615,93894,12280,350.86
1973-12-24,40,40,84499,111913,27415,685.38
1973-12-25,8,8,87085,88915,1831,228.88
1973-12-26,415,414,84375,125380,41006,98.81
1973-12-27,582,579,4450,124399,119950,206.1
1973-12-28,675,668,200,130573,130374,193.15
1973-12-29,177,175,367,128516,128150,724.01
1973-12-30,32,32,49430,124829,75400,2356.25
1973-12-31,66,62,4474,130918,126445,1915.83
1974-01-01,56,56,2744,128851,126108,2251.93
1974-01-02,426,421,9,131028,131020,307.56
1974-01-03,632,620,3947,56472,52526,83.11
1974-01-04,693,689,12175,61913,49739,71.77
1974-01-05,164,164,12731,105704,92974,566.91
1974-01-06,27,27,27382,89283,61902,2292.67
1974-01-07,572,569,16196,94794,78599,137.41
1974-01-08,708,693,7606,91418,83813,118.38
1974-01-09,800,788,46628,114497,67870,84.84
1974-01-10,866,865,24897,126047,101151,116.8
1974-01-11,971,971,47769,117100,69332,71.4
1974-01-12,240,240,1970,114582,112613,469.22
1974-01-13,35,35,70442,113516,43075,1230.71
1974-01-14,740,737,2803,120261,117459,158.73
1974-01-15,764,749,34692,129158,94467,123.65
1974-01-16,848,848,541,131063,130523,153.92
1974-01-17,895,895,45,131068,131024,146.4
1974-01-18,963,962,6944,87030,80087,83.16
1974-01-19,205,205,18956,57509,38554,188.07
1974-01-20,70,70,1668,120996,119329,1704.7
1974-01-21,848,848,18098,112923,94826,111.82
1974-01-22,927,921,40813,103595,62783,67.73
1974-01-23,819,808,11624,129791,118168,144.28
1974-01-24,893,891,21330,118947,97618,109.31
1974-01-25,1025,1024,80701,125862,45162,44.06
1974-01-26,208,208,94633,130256,35624,171.27
1974-01-27,44,44,88776,130711,41936,953.09
1974-01-28,818,815,6549,127786,121238,148.21
1974-01-29,943,942,339,130955,130617,138.51
1974-01-30,981,980,2,131068,131067,133.61
1974-01-31,951,949,8488,114192,105705,111.15
1974-02-01,1168,1167,28484,125596,97113,83.14
1974-02-02,242,241,4944,121571,116628,481.93
1974-02-03,36,36,4069,100475,96407,2677.97
1974-02-04,838,838,6706,127379,120674,144.0
1974-02-05,918,916,8747,119945,111199,121.13
1974-02-06,997,992,4501,128979,124479,124.85
1974-02-07,1004,1004,2589,121907,119319,118.84
1974-02-08,1146,1144,3271,125735,122465,106.86
1974-02-09,191,191,103515,127412,23898,125.12
1974-02-10,46,46,991,120077,119087,2588.85
1974-02-11,832,832,73,130962,130890,157.32
1974-02-12,925,925,9,131066,131058,141.68
1974-02-13,1048,1047,9198,94068,84871,80.98
1974-02-14,977,974,2488,124418,121931,124.8
1974-02-15,1183,1180,13029,125262,112234,94.87
1974-02-16,301,300,24201,117806,93606,310.98
1974-02-17,56,56,5268,128262,122995,2196.34
1974-02-18,115,115,66773,96067,29295,254.74
1974-02-19,889,889,8530,113725,105196,118.33
1974-02-20,1008,1008,5045,130047,125003,124.01
1974-02-21,745,745,86,131067,130982,175.81
1974-02-22,778,778,26,131058,131033,168.42
1974-02-23,271,271,12488,50466,37979,140.14
1974-02-24,65,65,18679,35805,17127,263.49
1974-02-25,668,668,25151,72832,47682,71.38
1974-02-26,837,837,28481,113308,84828,101.35
1974-02-27,879,879,5581,101705,96125,109.36
1974-02-28,1049,1048,33866,124498,90633,86.4
1974-03-01,1174,1174,8515,124730,116216,98.99
1974-03-02,237,237,4893,117715,112823,476.05
1974-03-03,50,50,3173,128996,125824,2516.48
1974-03-04,857,857,3724,130053,126330,147.41
1974-03-05,1012,1012,19,131045,131027,129.47
1974-03-06,964,964,169,130974,130806,135.69
1974-03-07,969,969,13205,93518,80314,82.88
1974-03-08,1085,1085,22694,129436,106743,98.38
1974-03-09,231,231,13653,71341,57689,249.74
1974-03-10,35,35,3594,107041,103448,2955.66
1974-03-11,826,826,34016,120251,86236,104.4
1974-03-12,1001,1001,7656,98493,90838,90.75
1974-03-13,934,934,8657,117952,109296,117.02
1974-03-14,1030,1030,972,129481,128510,124.77
1974-03-15,1149,1149,516,127721,127206,110.71
1974-03-16,252,252,419,129714,129296,513.08
1974-03-17,36,36,1730,129664,127935,3553.75
1974-03-18,883,883,1,131069,131069,148.44
1974-03-19,944,944,4646,120551,115906,122.78
1974-03-20,933,933,17300,103428,86129,92.31
1974-03-21,1023,1023,30301,112333,82033,80.19
1974-03-22,1190,1190,31782,93456,61675,51.83
1974-03-23,241,241,62806,100359,37554,155.83
1974-03-24,27,27,71717,88998,17282,640.07
1974-03-25,899,899,31819,126459,94641,105.27
1974-03-26,976,976,9627,128170,118544,121.46
1974-03-27,1016,1016,1267,130189,128923,126.89
1974-03-28,1113,1113,7,131027,131021,117.72
1974-03-29,1228,1228,1481,124817,123337,100.44
1974-03-30,247,247,18119,83707,65589,265.54
1974-03-31,41,41,30755,36892,6138,149.71
1974-04-01,929,929,1063,129827,128765,138.61
1974-04-02,1044,1044,5556,130297,124742,119.48
1974-04-03,984,984,18073,129598,111526,113.34
1974-04-04,1099,1099,6087,129814,123728,112.58
1974-04-05,1074,1074,1157,129760,128604,119.74
1974-04-06,221,221,5598,129294,123697,559.71
1974-04-07,48,48,31181,129744,98564,2053.42
1974-04-08,973,973,1,131070,131070,134.71
1974-04-09,1026,1026,8492,71210,62719,61.13
1974-04-10,1067,1067,22918,112525,89608,83.98
1974-04-11,980,980,37562,105336,67775,69.16
1974-04-12,757,757,12119,74280,62162,82.12
1974-04-13,221,221,23404,85418,62015,280.61
1974-04-14,17,17,39218,69639,30422,1789.53
1974-04-15,522,522,8697,121021,112325,215.18
1974-04-16,912,912,72266,104503,32238,35.35
1974-04-17,1016,1016,9912,117100,107189,105.5
1974-04-18,1087,1087,2737,130885,128149,117.89
1974-04-19,1228,1228,6,131019,131014,106.69
1974-04-20,222,222,12,131056,131045,590.29
1974-04-21,43,43,4189,97373,93185,2167.09
1974-04-22,877,877,7036,85352,78317,89.3
1974-04-23,989,989,17955,107554,89600,90.6
1974-04-24,1045,1045,33488,97756,64269,61.5
1974-04-25,936,936,19012,100512,81501,87.07
1974-04-26,1251,1251,5409,123393,117985,94.31
1974-04-27,309,309,72296,112320,40025,129.53
1974-04-28,47,47,41357,112374,71018,1511.02
1974-04-29,886,886,4842,129150,124309,140.3
1974-04-30,1060,1060,1093,130288,129196,121.88
1974-05-01,636,636,1,131067,131067,206.08
1974-05-02,966,966,997,128805,127809,132.31
1974-05-03,1141,1141,187,129938,129752,113.72
1974-05-04,197,197,7103,102933,95831,486.45
1974-05-05,78,78,29291,52929,23639,303.06
1974-05-06,888,888,3293,129534,126242,142.16
1974-05-07,1026,1026,7493,130244,122752,119.64
1974-05-08,981,981,7429,129576,122148,124.51
1974-05-09,1016,1016,2499,123585,121087,119.18
1974-05-10,1241,1241,90,130983,130894,105.47
1974-05-11,190,190,1585,130110,128526,676.45
1974-05-12,52,52,11126,127422,116297,2236.48
1974-05-13,886,886,2,131071,131070,147.93
1974-05-14,971,971,6204,113030,106827,110.02
1974-05-15,964,964,18421,119116,100696,104.46
1974-05-16,1043,1043,32628,125995,93368,89.52
1974-05-17,1177,1177,24940,116141,91202,77.49
1974-05-18,252,252,56417,102212,45796,181.73
1974-05-19,43,43,24723,86840,62118,1444.6
1974-05-20,898,898,7275,121681,114407,127.4
1974-05-21,980,980,2772,128244,125473,128.03
1974-05-22,1146,1146,15,131070,131056,114.36
1974-05-23,866,866,2990,113042,110053,127.08
1974-05-24,1247,1247,19437,66197,46761,37.5
1974-05-25,289,289,28589,100154,71566,247.63
1974-05-26,56,56,46913,74944,28032,500.57
1974-05-27,112,112,139,79671,79533,710.12
1974-05-28,910,910,54373,106838,52466,57.65
1974-05-29,979,979,61448,124453,63006,64.36
1974-05-30,1151,1150,7005,127336,120332,104.55
1974-05-31,1296,1296,1983,130221,128239,98.95
1974-06-01,226,226,11797,128668,116872,517.13
1974-06-02,63,63,4414,127370,122957,1951.7
1974-06-03,812,812,2,131070,131069,161.42
1974-06-04,998,998,2479,69389,66911,67.05
1974-06-05,1088,1088,4203,91462,87260,80.2
1974-06-06,1040,1040,30310,104044,73735,70.9
1974-06-07,1209,1209,40689,110926,70238,58.1
1974-06-08,258,258,61235,109658,48424,187.69
1974-06-09,64,64,56944,108942,51999,812.48
1974-06-10,896,896,28478,128062,99585,111.14
1974-06-11,1106,1106,2200,130532,128333,116.03
1974-06-12,1063,1063,19,131064,131046,123.28
1974-06-13,1020,1020,3276,64286,61011,59.81
1974-06-14,1243,1243,18526,96463,77938,62.7
1974-06-15,279,279,19542,66128,46587,166.98
1974-06-16,54,54,33610,47391,13782,255.22
1974-06-17,850,850,2642,126438,123797,145.64
1974-06-18,957,957,57393,112234,54842,57.31
1974-06-19,1064,1064,1344,130127,128784,121.04
1974-06-20,1019,1019,811,125177,124367,122.05
1974-06-21,1108,1108,483,126933,126451,114.13
1974-06-22,257,257,482,127372,126891,493.74
1974-06-23,70,70,1465,130869,129405,1848.64
1974-06-24,904,904,42,130974,130933,144.84
1974-06-25,966,966,10460,94522,84063,87.02
1974-06-26,1009,1009,2356,77180,74825,74.16
1974-06-27,1097,1097,9376,111701,102326,93.28
1974-06-28,1211,1211,9167,126275,117109,96.7
1974-06-29,244,244,32827,98912,66086,270.84
1974-06-30,38,38,31788,117891,86104,2265.89
1974-07-01,825,825,9475,124589,115115,139.53
1974-07-02,943,943,487,127070,126584,134.24
1974-07-03,1043,1043,79,131029,130951,125.55
1974-07-04,200,200,5355,92921,87567,437.83
1974-07-05,992,992,14416,101072,86657,87.36
1974-07-06,194,194,17738,107632,89895,463.38
1974-07-07,45,45,31505,120975,89471,1988.24
1974-07-08,830,830,36261,90031,53771,64.78
1974-07-09,986,986,48036,114971,66936,67.89
1974-07-10,1016,1016,17049,99479,82431,81.13
1974-07-11,1058,1058,47243,127868,80626,76.21
1974-07-12,1086,1086,738,124802,124065,114.24
1974-07-13,264,264,39281,125024,85744,324.79
1974-07-14,58,58,10511,124749,114239,1969.64
1974-07-15,882,882,159,130443,130285,147.72
1974-07-16,952,952,6,131069,131064,137.67
1974-07-17,1027,1027,2704,91619,88916,86.58
1974-07-18,978,978,26273,127133,100861,103.13
1974-07-19,1088,1088,30656,126784,96129,88.35
1974-07-20,399,399,25973,118046,92074,230.76
1974-07-21,116,116,19056,112064,93009,801.8
1974-07-22,907,907,3178,124697,121520,133.98
1974-07-23,922,922,9529,118758,109230,118.47
1974-07-24,1036,1036,4605,126083,121479,117.26
1974-07-25,1066,1066,115,130985,130871,122.77
1974-07-26,1107,1107,7,131061,131055,118.39
1974-07-27,226,226,1474,71286,69813,308.91
1974-07-28,101,101,13753,72807,59055,584.7
1974-07-29,903,903,21822,124458,102637,113.66
1974-07-30,960,960,32924,90821,57898,60.31
1974-07-31,1031,1031,40971,110936,69966,67.86
1974-08-01,922,922,4724,108366,103643,112.41
1974-08-02,1188,1188,123,108457,108335,91.19
1974-08-03,228,228,4646,116185,111540,489.21
1974-08-04,53,53,17820,110019,92200,1739.62
1974-08-05,793,793,1307,120425,119119,150.21
1974-08-06,930,930,975,125737,124763,134.15
1974-08-07,981,981,10,131071,131062,133.6
1974-08-08,981,981,4,131034,131031,133.57
1974-08-09,1117,1117,12337,93020,80684,72.23
1974-08-10,254,254,27831,275613,247783,975.52
1974-08-11,88,88,27969,67212,39244,445.95
1974-08-12,838,838,38400,93903,55504,66.23
1974-08-13,913,913,44456,327257,282802,309.75
1974-08-14,1003,1003,59785,127212,67428,67.23
1974-08-15,822,822,16256,129596,113341,137.88
1974-08-16,1050,1050,11744,127254,115511,110.01
1974-08-17,215,215,65030,117555,52526,244.31
1974-08-18,71,71,81515,113874,32360,455.77
1974-08-19,888,888,51,130717,130667,147.15
1974-08-20,978,978,13,131044,131032,133.98
1974-08-21,932,932,1846,125030,123185,132.17
1974-08-22,1033,1033,3746,47857,44112,42.7
1974-08-23,1133,1133,28735,108036,79302,69.99
1974-08-24,212,212,44446,86041,41596,196.21
1974-08-25,69,69,52193,123055,70863,1027.0
1974-08-26,908,908,22722,125347,102626,113.02
1974-08-27,941,941,30600,226257,195658,207.93
1974-08-28,962,962,72639,113361,40723,42.33
1974-08-29,1060,1060,4594,129381,124788,117.72
1974-08-30,1230,1230,598,130777,130180,105.84
1974-08-31,258,258,429,127728,127300,493.41
1974-09-01,70,70,75231,130587,55357,790.81
1974-09-02,86,86,316,130906,130591,1518.5
1974-09-03,846,846,3507,114880,111374,131.65
1974-09-04,1075,1075,11718,72429,60712,56.48
1974-09-05,1039,1039,12516,86808,74293,71.5
1974-09-06,1265,1265,17359,89552,72194,57.07
1974-09-07,248,248,12476,77901,65426,263.81
1974-09-08,74,74,31537,70412,38876,525.35
1974-09-09,819,819,7519,109282,101764,124.25
1974-09-10,1006,1006,22039,123391,101353,100.75
1974-09-11,1202,1202,3574,123951,120378,100.15
1974-09-12,1103,1103,25,130790,130766,118.55
1974-09-13,1268,1268,126,131037,130912,103.24
1974-09-14,340,340,11339,81027,69689,204.97
1974-09-15,71,71,20372,26035,5664,79.77
1974-09-16,910,910,23494,102819,79326,87.17
1974-09-17,929,929,23662,122863,99202,106.78
1974-09-18,1034,1034,1434,114784,113351,109.62
1974-09-19,1069,1069,941,130328,129388,121.04
1974-09-20,1295,1295,2476,122993,120518,93.06
1974-09-21,267,267,12447,127129,114683,429.52
1974-09-22,80,80,11126,114967,103842,1298.03
1974-09-23,870,870,1124,129668,128545,147.75
1974-09-24,1014,1014,5,131051,131047,129.24
1974-09-25,1021,1021,4306,97172,92867,90.96
1974-09-26,927,927,2587,75757,73171,78.93
1974-09-27,1274,1274,27218,92978,65761,51.62
1974-09-28,283,283,50231,129727,79497,280.91
1974-09-29,74,74,60524,93505,32982,445.7
1974-09-30,977,977,64040,119614,55575,56.88
1974-10-01,1009,1009,265,116809,116545,115.51
1974-10-02,1034,1034,14116,120655,106540,103.04
1974-10-03,729,729,1219,130190,128972,176.92
1974-10-04,863,863,1,131057,131057,151.86
1974-10-05,271,271,7813,119878,112066,413.53
1974-10-06,52,52,13517,33376,19860,381.92
1974-10-07,911,911,20544,129627,109084,119.74
1974-10-08,1094,1094,5050,91292,86243,78.83
1974-10-09,1099,1099,446,129303,128858,117.25
1974-10-10,1069,1069,2529,128790,126262,118.11
1974-10-11,1224,1224,12430,129172,116743,95.38
1974-10-12,333,333,25525,316076,290552,872.53
1974-10-13,122,122,23187,125960,102774,842.41
1974-10-14,138,138,10015,128963,118949,861.95
1974-10-15,995,995,6,131059,131054,131.71
1974-10-16,1074,1074,1985,128369,126385,117.68
1974-10-17,951,951,16745,84587,67843,71.34
1974-10-18,1220,1220,29345,84599,55255,45.29
1974-10-19,274,274,40505,84562,44058,160.8
1974-10-20,47,47,53595,127397,73803,1570.28
1974-10-21,974,974,24110,93760,69651,71.51
1974-10-22,1099,1099,30175,107017,76843,69.92
1974-10-23,1112,1112,3467,125302,121836,109.56
1974-10-24,1096,1096,165,128678,128514,117.26
1974-10-25,1205,1205,4,130977,130974,108.69
1974-10-26,428,428,22,131031,131010,306.1
1974-10-27,64,64,11340,109779,98440,1538.12
1974-10-28,144,144,14452,127506,113055,785.1
1974-10-29,864,864,20146,128243,108098,125.11
1974-10-30,1103,1103,30501,120763,90263,81.83
1974-10-31,1155,1155,44311,129448,85138,73.71
1974-11-01,1082,1082,3325,119431,116107,107.31
1974-11-02,425,425,24899,123298,98400,231.53
1974-11-03,105,105,2882,99754,96873,922.6
1974-11-04,966,966,1953,130870,128918,133.46
1974-11-05,1078,1078,103,130893,130791,121.33
1974-11-06,1051,1051,3,131070,131068,124.71
1974-11-07,1074,1074,13709,130072,116364,108.35
1974-11-08,1163,1163,29064,115334,86271,74.18
1974-11-09,361,361,44307,128681,84375,233.73
1974-11-10,109,109,12757,73190,60434,554.44
1974-11-11,814,814,521,91868,91348,112.22
1974-11-12,959,959,12385,108618,96234,100.35
1974-11-13,1084,1084,12392,119681,107290,98.98
1974-11-14,1079,1079,2383,130904,128522,119.11
1974-11-15,1254,1254,18,131029,131012,104.48
1974-11-16,311,311,5,130969,130965,421.11
1974-11-17,94,94,5188,129705,124518,1324.66
1974-11-18,877,877,6960,88541,81582,93.02
1974-11-19,1047,1047,8822,102997,94176,89.95
1974-11-20,1003,1003,33298,113628,80331,80.09
1974-11-21,1108,1108,38770,127318,88549,79.92
1974-11-22,1166,1166,3363,125495,122133,104.75
1974-11-23,343,343,39125,117024,77900,227.11
1974-11-24,102,102,293,114881,114589,1123.42
1974-11-25,820,820,278,125364,125087,152.55
1974-11-26,1017,1017,35,130746,130712,128.53
1974-11-27,1277,1277,1,131067,131067,102.64
1974-11-28,223,223,10356,119915,109560,491.3
1974-11-29,1021,1021,22474,61220,38747,37.95
1974-11-30,237,237,35011,77226,42216,178.13
1974-12-01,56,56,42751,50604,7854,140.25
1974-12-02,800,800,3261,69629,66369,82.96
1974-12-03,992,992,3240,105808,102569,103.4
1974-12-04,964,964,68930,129694,60765,63.03
1974-12-05,923,923,2891,126084,123194,133.47
1974-12-06,1136,1136,1448,129140,127693,112.41
1974-12-07,240,240,107,129909,129803,540.85
1974-12-08,51,51,13557,128656,115100,2256.86
1974-12-09,747,747,14,131054,131041,175.42
1974-12-10,943,943,5842,122765,116924,123.99
1974-12-11,987,987,9905,111199,101295,102.63
1974-12-12,856,856,4994,94963,89970,105.11
1974-12-13,1139,1139,11859,97322,85464,75.03
1974-12-14,209,209,23661,104010,80350,384.45
1974-12-15,56,56,5005,77004,72000,1285.71
1974-12-16,714,714,71628,126534,54907,76.9
1974-12-17,952,952,16943,124577,107635,113.06
1974-12-18,934,934,3413,128108,124696,133.51
1974-12-19,909,909,263,130084,129822,142.82
1974-12-20,1139,1139,75,131022,130948,114.97
1974-12-21,188,188,261,61188,60928,324.09
1974-12-22,54,54,7313,10683,3371,62.43
1974-12-23,871,871,10729,116111,105383,120.99
1974-12-24,663,663,10544,47372,36829,55.55
1974-12-25,11,11,31253,33928,2676,243.27
1974-12-26,500,500,4611,47315,42705,85.41
1974-12-27,724,724,52,47738,47687,65.87
1974-12-28,152,152,3797,113864,110068,724.13
1974-12-29,68,68,1902,126508,124607,1832.46
1974-12-30,680,680,885,59087,58203,85.59
1974-12-31,739,739,11866,70974,59109,79.99
1975-01-01,60,60,33699,127155,93457,1557.62
1975-01-02,566,566,1304,105538,104235,184.16
1975-01-03,847,847,1670,107857,106188,125.37
1975-01-04,183,183,6495,102687,96193,525.64
1975-01-05,62,62,35590,117544,81955,1321.85
1975-01-06,675,675,53091,130633,77543,114.88
1975-01-07,893,893,310,130668,130359,145.98
1975-01-08,972,972,15012,120620,105609,108.65
1975-01-09,997,997,1973,123738,121766,122.13
1975-01-10,1238,1238,118,130692,130575,105.47
1975-01-11,232,232,22,131060,131039,564.82
1975-01-12,65,65,2789,63180,60392,929.11
1975-01-13,873,873,5784,124159,118376,135.6
1975-01-14,1010,1010,15822,102174,86353,85.5
1975-01-15,1017,1017,4681,124894,120214,118.2
1975-01-16,1172,1172,647,129798,129152,110.2
1975-01-17,1166,1166,18532,124500,105969,90.88
1975-01-18,339,339,27570,119173,91604,270.22
1975-01-19,85,85,25006,99268,74263,873.68
1975-01-20,969,969,48639,121022,72384,74.7
1975-01-21,1026,1026,3260,130947,127688,124.45
1975-01-22,1068,1068,32,131068,131037,122.69
1975-01-23,1039,1039,479,130656,130178,125.29
1975-01-24,1186,1186,11883,69336,57454,48.44
1975-01-25,289,289,4075,63579,59505,205.9
1975-01-26,67,67,30055,63803,33749,503.72
1975-01-27,856,856,45507,112994,67488,78.84
1975-01-28,1117,1117,56982,121029,64048,57.34
1975-01-29,1108,1108,72099,125455,53357,48.16
1975-01-30,1161,1161,3285,123838,120554,103.84
1975-01-31,1212,1212,1315,128170,126856,104.67
1975-02-01,248,248,2285,129827,127543,514.29
1975-02-02,76,76,29,130957,130929,1722.75
1975-02-03,905,905,1252,129825,128574,142.07
1975-02-04,1169,1169,7826,91485,83660,71.57
1975-02-05,1061,1061,17642,107949,90308,85.12
1975-02-06,1155,1155,32546,126060,93515,80.97
1975-02-07,1216,1216,32916,123894,90979,74.82
1975-02-08,329,329,75619,110532,34914,106.12
1975-02-09,75,75,81293,122246,40954,546.05
1975-02-10,923,923,1743,129614,127872,138.54
1975-02-11,962,962,1822,129568,127747,132.79
1975-02-12,1059,1059,12,131022,131011,123.71
1975-02-13,1226,1226,3371,126981,123611,100.82
1975-02-14,1255,1255,16554,120642,104089,82.94
1975-02-15,440,440,32559,98559,66001,150.0
1975-02-16,52,52,58714,124854,66141,1271.94
1975-02-17,121,121,69565,126538,56974,470.86
1975-02-18,981,981,35318,130197,94880,96.72
1975-02-19,1083,1083,2362,127573,125212,115.62
1975-02-20,1042,1042,1717,131059,129343,124.13
1975-02-21,1091,1091,15,131068,131054,120.12
1975-02-22,230,230,5293,122037,116745,507.59
1975-02-23,60,60,2903,91109,88207,1470.12
1975-02-24,1028,1028,16564,114508,97945,95.28
1975-02-25,1025,1025,28504,95318,66815,65.19
1975-02-26,1123,1122,44673,128966,84294,75.06
1975-02-27,1154,1154,62,116421,116360,100.83
1975-02-28,1260,1260,2367,128869,126503,100.4
1975-03-01,339,339,6606,126447,119842,353.52
1975-03-02,92,92,9880,127375,117496,1277.13
1975-03-03,1004,1004,9,131043,131035,130.51
1975-03-04,1224,1224,2018,122584,120567,98.5
1975-03-05,1139,1139,7803,123126,115324,101.25
1975-03-06,1154,1154,19098,122472,103375,89.58
1975-03-07,1202,1202,2368,130169,127802,106.32
1975-03-08,411,411,7560,124777,117218,285.2
1975-03-09,92,92,95328,123820,28493,309.71
1975-03-10,1023,1023,3421,129221,125801,122.97
1975-03-11,1116,1116,37,131068,131032,117.41
1975-03-12,1158,1158,538,122897,122360,105.66
1975-03-13,1139,1139,20200,122277,102078,89.62
1975-03-14,1302,1302,8225,128942,120718,92.72
1975-03-15,367,367,14579,121963,107385,292.6
1975-03-16,69,69,56675,112285,55611,805.96
1975-03-17,979,979,6318,125664,119347,121.91
1975-03-18,1075,1075,435,130991,130557,121.45
1975-03-19,1057,1057,7,130973,130967,123.9
1975-03-20,1206,1206,2128,100486,98359,81.56
1975-03-21,1145,1144,27970,85388,57419,50.15
1975-03-22,304,304,50201,122433,72233,237.61
1975-03-23,101,101,63875,70141,6267,62.05
1975-03-24,1087,1087,54867,129140,74274,68.33
1975-03-25,1170,1169,1206,129556,128351,109.7
1975-03-26,1179,1179,255,131013,130759,110.91
1975-03-27,1169,1169,55,131070,131016,112.08
1975-03-28,853,853,15890,114323,98434,115.4
1975-03-29,241,241,30476,111596,81121,336.6
1975-03-30,61,61,18365,106544,88180,1445.57
1975-03-31,744,744,40438,79345,38908,52.3
1975-04-01,1080,1080,45187,125581,80395,74.44
1975-04-02,1218,1218,1133,130355,129223,106.09
1975-04-03,1173,1173,2033,129597,127565,108.75
1975-04-04,1249,1249,50,131066,131017,104.9
1975-04-05,276,276,715,131061,130347,472.27
1975-04-06,97,97,11663,40338,28676,295.63
1975-04-07,1026,1026,13694,94837,81144,79.09
1975-04-08,1127,1127,29898,122161,92264,81.87
1975-04-09,1209,1209,8495,127799,119305,98.68
1975-04-10,1205,1205,96,128359,128264,106.44
1975-04-11,1272,1272,1506,128849,127344,100.11
1975-04-12,264,264,5115,130986,125872,476.79
1975-04-13,92,92,5535,127346,121812,1324.04
1975-04-14,1036,1036,12,131068,131057,126.5
1975-04-15,1208,1208,7623,112882,105260,87.14
1975-04-16,1209,1209,1850,103601,101752,84.16
1975-04-17,1162,1162,25174,118753,93580,80.53
1975-04-18,1392,1392,51424,126336,74913,53.82
1975-04-19,346,346,80336,112048,31713,91.66
1975-04-20,90,90,74531,117015,42485,472.06
1975-04-21,995,994,408,130563,130156,130.81
1975-04-22,1174,1174,349,130919,130571,111.22
1975-04-23,1162,1162,49,131066,131018,112.75
1975-04-24,1153,1153,17256,84994,67739,58.75
1975-04-25,1395,1395,34087,94200,60114,43.09
1975-04-26,285,285,43123,116931,73809,258.98
1975-04-27,114,114,55391,96106,40716,357.16
1975-04-28,1050,1050,5084,110075,104992,99.99
1975-04-29,1075,1075,6989,120460,113472,105.56
1975-04-30,1208,1208,612,130298,129687,107.36
1975-05-01,845,845,929,130535,129607,153.38
1975-05-02,1172,1172,82,131050,130969,111.75
1975-05-03,311,311,9143,109715,100573,323.39
1975-05-04,87,87,16777,84069,67293,773.48
1975-05-05,916,916,20179,75923,55745,60.86
1975-05-06,1171,1171,31357,165777,134421,114.79
1975-05-07,1208,1208,44422,120437,76016,62.93
1975-05-08,1009,1009,59649,111087,51439,50.98
1975-05-09,1186,1186,9761,130149,120389,101.51
1975-05-10,338,338,41284,125744,84461,249.88
1975-05-11,86,86,92660,128215,35556,413.44
1975-05-12,1012,1012,1259,130396,129138,127.61
1975-05-13,1127,1127,21,131057,131037,116.27
1975-05-14,1245,1245,575,95891,95317,76.56
1975-05-15,1232,1232,23684,120763,97080,78.8
1975-05-16,1423,1423,16849,120875,104027,73.1
1975-05-17,338,338,31063,110821,79759,235.97
1975-05-18,101,101,82924,109045,26122,258.63
1975-05-19,865,865,3287,120711,117425,135.75
1975-05-20,1228,1228,1594,129897,128304,104.48
1975-05-21,1181,1181,34,131057,131024,110.94
1975-05-22,1215,1215,4641,114174,109534,90.15
1975-05-23,1315,1315,8125,102282,94158,71.6
1975-05-24,439,439,13181,109452,96272,219.3
1975-05-25,143,143,59915,65210,5296,37.03
1975-05-26,111,111,64408,110174,45767,412.32
1975-05-27,1010,1010,13204,121882,108679,107.6
1975-05-28,1139,1139,8058,130511,122454,107.51
1975-05-29,1131,1131,2940,129447,126508,111.85
1975-05-30,1257,1257,308,130862,130555,103.86
1975-05-31,399,399,22,131067,131046,328.44
1975-06-01,108,108,6230,27567,21338,197.57
1975-06-02,924,924,10324,113962,103639,112.16
1975-06-03,1155,1155,19236,127250,108015,93.52
1975-06-04,1199,1199,33836,115904,82069,68.45
1975-06-05,1108,1108,33995,121279,87285,78.78
1975-06-06,1201,1201,318,128131,127814,106.42
1975-06-07,350,350,13615,104441,90827,259.51
1975-06-08,81,81,94096,105366,11271,139.15
1975-06-09,1025,1025,7435,129072,121638,118.67
1975-06-10,1030,1030,195,130649,130455,126.66
1975-06-11,1168,1168,10,131045,131036,112.19
1975-06-12,1186,1186,547,123038,122492,103.28
1975-06-13,1264,1264,13318,122531,109214,86.4
1975-06-14,314,314,14484,117573,103090,328.31
1975-06-15,78,78,25384,107900,82517,1057.91
1975-06-16,1082,1081,9471,110336,100866,93.22
1975-06-17,1149,1149,25572,107691,82120,71.47
1975-06-18,1142,1141,6527,116925,110399,96.67
1975-06-19,1167,1167,5309,123542,118234,101.31
1975-06-20,1300,1300,4425,128938,124514,95.78
1975-06-21,329,329,365,130420,130056,395.31
1975-06-22,61,61,63,130674,130612,2141.18
1975-06-23,952,952,3106,123287,120182,126.24
1975-06-24,1050,1050,17135,123133,105999,100.95
1975-06-25,1076,1076,24824,124324,99501,92.47
1975-06-26,1068,1068,8475,131030,122556,114.75
1975-06-27,1066,1066,4,129376,129373,121.36
1975-06-28,572,572,7343,130998,123656,216.18
1975-06-29,89,89,109069,122364,13296,149.39
1975-06-30,1045,1045,10,131061,131052,125.41
1975-07-01,954,954,2672,81328,78657,82.45
1975-07-02,1057,1057,7593,90554,82962,78.49
1975-07-03,1316,1316,19485,123814,104330,79.28
1975-07-04,231,231,23270,74647,51378,222.42
1975-07-05,202,202,53116,92354,39239,194.25
1975-07-06,70,70,66665,103721,37057,529.39
1975-07-07,942,942,14089,129601,115513,122.63
1975-07-08,1080,1080,27585,127915,100331,92.9
1975-07-09,930,930,779,130139,129361,139.1
1975-07-10,1206,1206,3,131056,131054,108.67
1975-07-11,1246,1246,5830,129433,123604,99.2
1975-07-12,414,414,16914,57651,40738,98.4
1975-07-13,45,45,37521,57598,20078,446.18
1975-07-14,846,846,2600,128849,126250,149.23
1975-07-15,1054,1054,53253,113569,60317,57.23
1975-07-16,1173,1173,7988,127097,119110,101.54
1975-07-17,1098,1098,42403,127543,85141,77.54
1975-07-18,1217,1217,3917,129794,125878,103.43
1975-07-19,273,273,68,130958,130891,479.45
1975-07-20,75,75,632,127868,127237,1696.49
1975-07-21,911,911,4174,60191,56018,61.49
1975-07-22,1139,1139,10499,94904,84406,74.11
1975-07-23,1061,1061,18503,102588,84086,79.25
1975-07-24,1064,1064,8477,102702,94226,88.56
1975-07-25,1272,1272,6239,119741,113503,89.23
1975-07-26,357,357,72149,124189,52041,145.77
1975-07-27,73,73,87672,93353,5682,77.84
1975-07-28,884,884,9030,124922,115893,131.1
1975-07-29,1140,1140,3,130766,130764,114.71
1975-07-30,1098,1098,4,131067,131064,119.37
1975-07-31,1252,1252,3343,353071,349729,279.34
1975-08-01,1276,1276,28965,96539,67575,52.96
1975-08-02,271,271,46649,80567,33919,125.16
1975-08-03,76,76,57645,79896,22252,292.79
1975-08-04,974,974,61836,118285,56450,57.96
1975-08-05,1027,1027,15350,128669,113320,110.34
1975-08-06,1090,1090,1049,121514,120466,110.52
1975-08-07,1095,1095,15,131071,131057,119.69
1975-08-08,1143,1143,17,131064,131048,114.65
1975-08-09,306,306,490,128613,128124,418.71
1975-08-10,55,55,1782,49195,47414,862.07
1975-08-11,1002,1002,21642,100618,78977,78.82
1975-08-12,1184,1184,33046,101115,68070,57.49
1975-08-13,1028,1028,20860,101222,80363,78.17
1975-08-14,1185,1185,55494,103998,48505,40.93
1975-08-15,1018,1018,4124,120804,116681,114.62
1975-08-16,302,302,11473,119517,108045,357.76
1975-08-17,68,68,92574,107119,14546,213.91
1975-08-18,951,951,727,124817,124091,130.48
1975-08-19,1126,1126,38,130751,130714,116.09
1975-08-20,1254,1254,6,131057,131052,104.51
1975-08-21,1170,1170,7985,99165,91181,77.93
1975-08-22,1273,1273,22570,130727,108158,84.96
1975-08-23,360,360,40170,102217,62048,172.36
1975-08-24,73,73,43528,60411,16884,231.29
1975-08-25,966,966,7218,113086,105869,109.6
1975-08-26,1110,1110,5139,129718,124580,112.23
1975-08-27,1150,1150,1566,130555,128990,112.17
1975-08-28,1185,1185,5,131069,131065,110.6
1975-08-29,1213,1213,39,130943,130905,107.92
1975-08-30,210,210,5934,60429,54496,259.5
1975-08-31,75,75,37799,60511,22713,302.84
1975-09-01,144,144,18098,85246,67149,466.31
1975-09-02,954,954,8673,106783,98111,102.84
1975-09-03,1247,1247,1610,114906,113297,90.86
1975-09-04,1265,1265,6476,127246,120771,95.47
1975-09-05,1392,1392,3695,130537,126843,91.12
1975-09-06,280,280,87,130481,130395,465.7
1975-09-07,71,71,235,87878,87644,1234.42
1975-09-08,1008,1008,3739,94792,91054,90.33
1975-09-09,1097,1097,10498,124532,114035,103.95
1975-09-10,1149,1149,32970,123193,90224,78.52
1975-09-11,1206,1206,38735,116951,78217,64.86
1975-09-12,1375,1375,5540,125217,119678,87.04
1975-09-13,360,360,87593,128476,40884,113.57
1975-09-14,64,64,85146,127986,42841,669.39
1975-09-15,983,983,1044,130995,129952,132.2
1975-09-16,1167,1166,97,130781,130685,111.98
1975-09-17,1134,1134,32,130999,130968,115.49
1975-09-18,1266,1266,8881,116906,108026,85.33
1975-09-19,1243,1243,11224,122003,110780,89.12
1975-09-20,343,343,44162,80024,35863,104.56
1975-09-21,77,77,35526,119269,83744,1087.58
1975-09-22,949,949,6004,121574,115571,121.78
1975-09-23,1209,1209,4422,130468,126047,104.26
1975-09-24,1115,1115,4671,129538,124868,111.99
1975-09-25,1226,1225,1,131054,131054,106.9
1975-09-26,1342,1342,80,131024,130945,97.57
1975-09-27,231,231,15117,111514,96398,417.31
1975-09-28,60,60,683,96071,95389,1589.82
1975-09-29,1074,1074,28312,106323,78012,72.64
1975-09-30,1278,1278,41944,117422,75479,59.06
1975-10-01,1211,1211,3320,127342,124023,102.41
1975-10-02,1251,1251,3103,373673,370571,296.22
1975-10-03,1444,1444,2399,129751,127353,88.19
1975-10-04,333,333,4599,130674,126076,378.61
1975-10-05,66,66,30,131056,131027,1985.26
1975-10-06,984,984,308,103029,102722,104.39
1975-10-07,1205,1205,12634,96056,83423,69.23
1975-10-08,1221,1221,20030,96495,76466,62.63
1975-10-09,1264,1264,4521,100636,96116,76.04
1975-10-10,1398,1398,23367,130936,107570,76.95
1975-10-11,359,359,50087,117037,66951,186.49
1975-10-12,98,98,38236,105932,67697,690.79
1975-10-13,156,156,88431,117954,29524,189.26
1975-10-14,1092,1092,741,128871,128131,117.34
1975-10-15,1215,1215,764,130682,129919,106.93
1975-10-16,1208,1208,1,131070,131070,108.5
1975-10-17,1466,1466,7974,127996,120023,81.87
1975-10-18,302,302,5432,99111,93680,310.2
1975-10-19,79,79,28402,51581,23180,293.42
1975-10-20,1093,1092,20201,102242,82042,75.06
1975-10-21,1184,1184,11967,107411,95445,80.61
1975-10-22,1207,1207,3504,127064,123561,102.37
1975-10-23,1289,1289,3436,125596,122161,94.77
1975-10-24,1346,1345,6,131049,131044,97.36
1975-10-25,460,460,4461,45112,40652,88.37
1975-10-26,68,68,18019,128542,110524,1625.35
1975-10-27,124,124,21602,54558,32957,265.78
1975-10-28,1088,1086,25885,113313,87429,80.36
1975-10-29,1345,1345,38042,119633,81592,60.66
1975-10-30,1262,1262,55112,114630,59519,47.16
1975-10-31,1315,1315,5175,116690,111516,84.8
1975-11-01,372,372,70805,128633,57829,155.45
1975-11-02,93,93,99973,128468,28496,306.41
1975-11-03,1020,1020,6111,130950,124840,122.39
1975-11-04,1248,1248,13,131059,131047,105.01
1975-11-05,1308,1308,651,130152,129502,99.01
1975-11-06,1271,1271,16985,80991,64007,50.36
1975-11-07,1416,1416,35709,109739,74031,52.28
1975-11-08,408,408,54779,121942,67164,164.62
1975-11-09,85,85,64528,122882,58355,686.53
1975-11-10,1074,1074,24577,125447,100871,93.92
1975-11-11,1300,1300,328,130940,130613,100.47
1975-11-12,1322,1322,202,130882,130681,98.85
1975-11-13,1264,1264,72,130992,130921,103.58
1975-11-14,1460,1460,13,131059,131047,89.76
1975-11-15,453,453,7722,121323,113602,250.78
1975-11-16,82,82,23875,125500,101626,1239.34
1975-11-17,1028,1028,38813,124513,85701,83.37
1975-11-18,1109,1109,18034,108970,90937,82.0
1975-11-19,1199,1199,24,125902,125879,104.99
1975-11-20,1229,1229,13840,126489,112650,91.66
1975-11-21,1282,1282,4016,130189,126174,98.42
1975-11-22,424,424,1650,129755,128106,302.14
1975-11-23,67,67,98,130924,130827,1952.64
1975-11-24,965,965,1213,51542,50330,52.16
1975-11-25,1193,1193,3066,107493,104428,87.53
1975-11-26,1286,1286,22845,62121,39277,30.54
1975-11-27,113,113,34370,62842,28473,251.97
1975-11-29,3,3,21351,130323,108973,36324.33
1975-12-01,4,4,561,82525,81965,20491.25
1975-12-02,9,9,42530,98801,56272,6252.44
1975-12-03,1,1,97644,97644,1,1.0
1975-12-04,2,2,104120,104292,173,86.5
1975-12-05,1,1,108478,108478,1,1.0
1975-12-06,2,2,120181,121881,1701,850.5
1975-12-07,2,2,29697,80635,50939,25469.5
1975-12-09,3,3,59130,94870,35741,11913.67
1975-12-10,2,2,54472,129820,75349,37674.5
1975-12-11,4,4,5700,74475,68776,17194.0
1975-12-12,13,13,20175,130026,109852,8450.15
1975-12-13,1,1,75783,75783,1,1.0
1975-12-14,1,1,25137,25137,1,1.0
1975-12-15,63,63,10359,116634,106276,1686.92
1975-12-16,1066,1066,49070,123565,74496,69.88
1975-12-17,1070,1070,34933,99494,64562,60.34
1975-12-18,1045,1045,12343,124825,112483,107.64
1975-12-19,1316,1316,1032,130028,128997,98.02
1975-12-20,370,370,2303,126452,124150,335.54
1975-12-21,54,54,7146,121524,114379,2118.13
1975-12-22,982,982,61,130980,130920,133.32
1975-12-23,1128,1128,59,131032,130974,116.11
1975-12-24,1044,1044,7759,101853,94095,90.13
1975-12-25,28,28,29755,78815,49061,1752.18
1975-12-26,49,49,34501,51457,16957,346.06
1975-12-27,82,82,38464,126763,88300,1076.83
1975-12-28,56,56,2356,80134,77779,1388.91
1975-12-29,742,742,14745,127652,112908,152.17
1975-12-30,1039,1039,55425,114843,59419,57.19
1975-12-31,1039,1039,12748,127488,114741,110.43
1976-01-01,177,177,4058,90938,86881,490.85
1976-01-02,637,637,3501,117408,113908,178.82
1976-01-03,164,164,22346,110555,88210,537.87
1976-01-04,48,48,64747,130334,65588,1366.42
1976-01-05,791,791,247,130876,130630,165.15
1976-01-06,923,923,50,131036,130987,141.91
1976-01-07,1091,1091,112,131024,130913,119.99
1976-01-08,1152,1152,10604,126834,116231,100.89
1976-01-09,1178,1178,25631,122182,96552,81.96
1976-01-10,354,354,41212,125061,83850,236.86
1976-01-11,84,84,3854,79923,76070,905.6
1976-01-12,877,877,13861,128876,115016,131.15
1976-01-13,1153,1153,29032,128148,99117,85.96
1976-01-14,1105,1105,17095,120601,103507,93.67
1976-01-15,1175,1175,2836,130192,127357,108.39
1976-01-16,1162,1162,7,131064,131058,112.79
1976-01-17,469,469,8610,69189,60580,129.17
1976-01-18,55,55,25829,70866,45038,818.87
1976-01-19,994,994,2177,107350,105174,105.81
1976-01-20,1044,1044,30025,125833,95809,91.77
1976-01-21,1144,1144,14140,129100,114961,100.49
1976-01-22,1213,1213,10274,130516,120243,99.13
1976-01-23,1264,1264,12,131063,131052,103.68
1976-01-24,444,444,7265,108215,100951,227.37
1976-01-25,88,88,6209,57606,51398,584.07
1976-01-26,810,810,27635,123481,95847,118.33
1976-01-27,1205,1205,40631,130549,89919,74.62
1976-01-28,1207,1207,8247,117806,109560,90.77
1976-01-29,1286,1286,5500,126645,121146,94.2
1976-01-30,1397,1397,692,130561,129870,92.96
1976-01-31,481,481,444,130991,130548,271.41
1976-02-01,75,75,167,130823,130657,1742.09
1976-02-02,855,855,4431,116131,111701,130.64
1976-02-03,1108,1108,1058,123772,122715,110.75
1976-02-04,1147,1147,34534,126680,92147,80.34
1976-02-05,1292,1292,15445,129053,113609,87.93
1976-02-06,1258,1258,42053,123927,81875,65.08
1976-02-07,522,522,23959,128835,104877,200.91
1976-02-08,98,98,80437,121659,41223,420.64
1976-02-09,1071,1071,105,130941,130837,122.16
1976-02-10,1172,1172,91,130994,130904,111.69
1976-02-11,1142,1142,13731,120849,107119,93.8
1976-02-12,1098,1098,2385,129284,126900,115.57
1976-02-13,1549,1549,1633,131024,129392,83.53
1976-02-14,513,513,1248,126432,125185,244.03
1976-02-15,116,116,6920,114879,107960,930.69
1976-02-16,142,142,4005,130753,126749,892.6
1976-02-17,967,967,234,131043,130810,135.27
1976-02-18,1300,1300,2,131070,131069,100.82
1976-02-19,1360,1360,1790,191035,189246,139.15
1976-02-20,1264,1264,32158,124518,92361,73.07
1976-02-21,546,546,52434,121860,69427,127.16
1976-02-22,116,116,55858,885573,829716,7152.72
1976-02-23,1001,1001,4268,131447,127180,127.05
1976-02-24,1300,1300,63,250707,250645,192.8
1976-02-25,1228,1228,30,131068,131039,106.71
1976-02-26,1253,1253,7494,122497,115004,91.78
1976-02-27,1337,1337,15164,100565,85402,63.88
1976-02-28,449,449,34235,106034,71800,159.91
1976-02-29,73,73,27771,67651,39881,546.32
1976-03-01,912,912,66632,113545,46914,51.44
1976-03-02,1168,1168,11012,115966,104955,89.86
1976-03-03,1226,1226,457,127451,126995,103.58
1976-03-04,1290,1290,16,131038,131023,101.57
1976-03-05,1330,1330,680,125701,125022,94.0
1976-03-06,376,376,12840,40908,28069,74.65
1976-03-07,55,55,12373,128140,115768,2104.87
1976-03-08,1010,1010,37304,125559,88256,87.38
1976-03-09,1162,1162,49213,127538,78326,67.41
1976-03-10,1261,1261,2691,126460,123770,98.15
1976-03-11,1222,1222,5344,130072,124729,102.07
1976-03-12,1340,1340,4,131000,130997,97.76
1976-03-13,449,449,13,131071,131059,291.89
1976-03-14,80,80,4623,117420,112798,1409.97
1976-03-15,987,987,8808,49547,40740,41.28
1976-03-16,1281,1281,21772,64823,43052,33.61
1976-03-17,1268,1268,39232,126881,87650,69.12
1976-03-18,234,234,56722,85972,29251,125.0
1976-03-19,1,1,12498,12498,1,1.0
1976-03-20,1,1,71882,71882,1,1.0
1976-03-22,2,2,46599,118710,72112,36056.0
1976-03-24,1,1,103578,103578,1,1.0
1976-03-25,1,1,51060,51060,1,1.0
1976-03-26,1,1,127327,127327,1,1.0
1976-03-27,1,1,41124,41124,1,1.0
1976-03-29,1,1,107088,107088,1,1.0
1976-03-30,2,2,29933,107082,77150,38575.0
1976-03-31,4,4,45117,104491,59375,14843.75
1976-04-01,53,53,270,127737,127468,2405.06
1976-04-02,865,865,18998,121920,102923,118.99
1976-04-03,547,547,22628,112960,90333,165.14
1976-04-04,64,64,25434,108087,82654,1291.47
1976-04-05,440,440,48140,104226,56087,127.47
1976-04-06,1327,1327,68436,124227,55792,42.04
1976-04-07,1255,1255,10588,125601,115014,91.64
1976-04-08,1286,1286,3160,130952,127793,99.37
1976-04-09,1392,1392,4,131039,131036,94.14
1976-04-10,487,487,6632,82936,76305,156.68
1976-04-11,98,98,21085,79892,58808,600.08
1976-04-12,1007,1007,25478,106818,81341,80.78
1976-04-13,1291,1291,2078,119861,117784,91.23
1976-04-14,1337,1337,8160,121202,113043,84.55
1976-04-15,1344,1344,4134,127377,123244,91.7
1976-04-16,1119,1119,406,130611,130206,116.36
1976-04-17,460,460,609,130019,129411,281.33
1976-04-18,74,74,116,130729,130614,1765.05
1976-04-19,716,716,1,131062,131062,183.05
1976-04-20,1234,1234,7854,115243,107390,87.03
1976-04-21,1444,1444,14714,123500,108787,75.34
1976-04-22,1241,1241,2013,123446,121434,97.85
1976-04-23,1376,1376,29903,130065,100163,72.79
1976-04-24,522,522,5262,116178,110917,212.48
1976-04-25,91,91,10442,120741,110300,1212.09
1976-04-26,1081,1081,472,129732,129261,119.58
1976-04-27,1278,1278,16,130977,130962,102.47
1976-04-28,1380,1380,14672,127687,113016,81.9
1976-04-29,1219,1219,173,127595,127423,104.53
1976-04-30,1383,1383,58,131057,131000,94.72
1976-05-01,476,476,212,131037,130826,274.84
1976-05-02,391,391,13987,97893,83907,214.6
1976-05-03,971,971,9560,105083,95524,98.38
1976-05-04,1517,1517,1658,127647,125990,83.05
1976-05-05,1302,1302,602,129327,128726,98.87
1976-05-06,1058,1058,458,129643,129186,122.1
1976-05-07,1245,1245,58,130959,130902,105.14
1976-05-08,602,602,14811,127983,113173,188.0
1976-05-09,343,343,33173,40396,7224,21.06
1976-05-10,1069,1069,38836,117384,78549,73.48
1976-05-11,1354,1354,47780,129969,82190,60.7
1976-05-12,1405,1405,5609,260477,254869,181.4
1976-05-13,1221,1221,21,130841,130821,107.14
1976-05-14,1417,1417,12,131062,131051,92.48
1976-05-15,396,396,12856,76231,63376,160.04
1976-05-16,75,75,16762,106515,89754,1196.72
1976-05-17,1012,1012,43832,125326,81495,80.53
1976-05-18,1207,1207,27724,125536,97813,81.04
1976-05-19,1310,1310,24885,129603,104719,79.94
1976-05-20,1087,1087,38,130986,130949,120.47
1976-05-21,1254,1254,11,131058,131048,104.5
1976-05-22,666,666,18799,75880,57082,85.71
1976-05-23,138,138,38027,115013,76987,557.88
1976-05-24,983,983,43791,73986,30196,30.72
1976-05-25,1073,1073,57545,78503,20959,19.53
1976-05-26,37,37,49,129111,129063,3488.19
1976-05-27,1,1,53141,53141,1,1.0
1976-06-03,2,2,5136,130078,124943,62471.5
1976-06-04,3,3,9580,12726,3147,1049.0
1976-06-07,1,1,31234,31234,1,1.0
1976-06-08,1,1,22820,22820,1,1.0
1976-06-09,6,6,13939,100294,86356,14392.67
1976-06-10,1,1,19758,19758,1,1.0
1976-06-11,1,1,130612,130612,1,1.0
1976-06-13,1,1,116162,116162,1,1.0
1976-06-14,2,2,41010,62771,21762,10881.0
1976-06-16,3,3,9489,95197,85709,28569.67
1976-06-17,1,1,39612,39612,1,1.0
1976-06-19,2,2,39455,65229,25775,12887.5
1976-06-21,1,1,23111,23111,1,1.0
1976-06-23,1,1,71162,71162,1,1.0
1976-06-25,1,1,36072,36072,1,1.0
1976-06-26,1,1,82994,82994,1,1.0
1976-06-27,1,1,29052,29052,1,1.0
1976-06-28,1,1,72213,72213,1,1.0
1976-06-30,5,5,1300,130073,128774,25754.8
1976-07-01,19,19,797,130642,129846,6834.0
1976-07-02,396,396,25,130948,130924,330.62
1976-07-03,449,449,5,131071,131067,291.91
1976-07-04,47,47,10495,131062,120568,2565.28
1976-07-05,117,117,14446,31265,16820,143.76
1976-07-06,1033,1033,18531,119614,101084,97.85
1976-07-07,1164,1164,8401,92783,84383,72.49
1976-07-08,1169,1169,24501,119920,95420,81.63
1976-07-09,1342,1342,49914,127373,77460,57.72
1976-07-10,345,345,57047,112606,55560,161.04
1976-07-11,78,78,75501,106942,31442,403.1
1976-07-12,953,953,102,127511,127410,133.69
1976-07-13,1221,1221,8,131062,131055,107.33
1976-07-14,1111,1111,401,125049,124649,112.2
1976-07-15,1126,1126,14880,125153,110274,97.93
1976-07-16,1268,1268,18677,120399,101723,80.22
1976-07-17,287,287,25647,104818,79172,275.86
1976-07-18,126,126,35111,72996,37886,300.68
1976-07-19,955,955,42285,124658,82374,86.26
1976-07-20,1023,1023,41513,125177,83665,81.78
1976-07-21,1176,1176,13604,115741,102138,86.85
1976-07-22,1086,1086,2205,124691,122487,112.79
1976-07-23,1375,1375,12,131038,131027,95.29
1976-07-24,313,313,672,51824,51153,163.43
1976-07-25,96,96,9354,18492,9139,95.2
1976-07-26,936,936,5713,54963,49251,52.62
1976-07-27,1116,1116,12269,66728,54460,48.8
1976-07-28,1117,1117,37659,113680,76022,68.06
1976-07-29,1215,1215,21264,105543,84280,69.37
1976-07-30,1352,1352,4218,128337,124120,91.8
1976-07-31,380,380,83371,99721,16351,43.03
1976-08-01,125,125,13858,108643,94786,758.29
1976-08-02,800,800,2225,129434,127210,159.01
1976-08-03,1275,1275,4,130742,130739,102.54
1976-08-04,1081,1081,53,131059,131007,121.19
1976-08-05,1145,1145,9904,74384,64481,56.32
1976-08-06,1165,1165,17448,117971,100524,86.29
1976-08-07,355,355,8618,64173,55556,156.5
1976-08-08,69,69,48815,117868,69054,1000.78
1976-08-09,924,924,50227,98977,48751,52.76
1976-08-10,1050,1050,45919,101309,55391,52.75
1976-08-11,1108,1108,62597,108371,45775,41.31
1976-08-12,1082,1082,1337,129091,127755,118.07
1976-08-13,1097,1097,4708,130628,125921,114.79
1976-08-14,300,300,80,130995,130916,436.39
1976-08-15,95,95,847,19744,18898,198.93
1976-08-16,951,951,4095,39601,35507,37.34
1976-08-17,978,978,15201,48728,33528,34.28
1976-08-18,1115,1115,28263,104321,76059,68.21
1976-08-19,1178,1178,21010,113786,92777,78.76
1976-08-20,1087,1087,41067,111716,70650,65.0
1976-08-21,262,262,23261,115828,92568,353.31
1976-08-22,84,84,81695,112425,30731,365.85
1976-08-23,845,845,53004,127336,74333,87.97
1976-08-24,1092,1092,7550,137564,130015,119.06
1976-08-25,1162,1162,120,130524,130405,112.22
1976-08-26,1067,1067,9,131057,131049,122.82
1976-08-27,1249,1249,8177,76713,68537,54.87
1976-08-28,345,345,5692,116143,110452,320.15
1976-08-29,93,93,29432,103272,73841,793.99
1976-08-30,901,901,34335,77066,42732,47.43
1976-08-31,1211,1211,23945,130741,106797,88.19
1976-09-01,1089,1089,402,130110,129709,119.11
1976-09-02,1191,1191,3688,127088,123401,103.61
1976-09-03,1195,1195,5122,130248,125127,104.71
1976-09-04,520,520,1626,130522,128897,247.88
1976-09-05,107,107,606,128893,128288,1198.95
1976-09-06,123,123,19,131022,131004,1065.07
1976-09-07,954,954,2753,83442,80690,84.58
1976-09-08,1069,1069,9418,118387,108970,101.94
1976-09-09,1120,1120,528,100593,100066,89.34
1976-09-10,1228,1228,20555,122058,101504,82.66
1976-09-11,438,438,46595,106642,60048,137.1
1976-09-12,102,102,66121,99993,33873,332.09
1976-09-13,1098,1098,36605,130955,94351,85.93
1976-09-14,1221,1221,812,130172,129361,105.95
1976-09-15,1284,1284,13,131065,131053,102.07
1976-09-16,1218,1218,1701,125492,123792,101.64
1976-09-17,1384,1384,1226,130826,129601,93.64
1976-09-18,373,373,1021,122376,121356,325.35
1976-09-19,261,261,5778,128558,122781,470.43
1976-09-20,1017,1017,908,126777,125870,123.77
1976-09-21,1276,1276,97,130973,130877,102.57
1976-09-22,1099,1099,255,131064,130810,119.03
1976-09-23,1247,1247,781,130784,130004,104.25
1976-09-24,1230,1230,44,131065,131022,106.52
1976-09-25,507,507,4,131071,131068,258.52
1976-09-26,35,35,6250,129836,123587,3531.06
1976-09-27,980,980,10901,116948,106048,108.21
1976-09-28,1240,1240,407,123920,123514,99.61
1976-09-29,1217,1217,3357,126767,123411,101.41
1976-09-30,1141,1141,175,130951,130777,114.62
1976-10-01,1246,1246,43,130975,130933,105.08
1976-10-02,596,596,6811,101439,94629,158.77
1976-10-03,78,78,38235,93502,55268,708.56
1976-10-04,986,986,4173,126938,122766,124.51
1976-10-05,1197,1197,29388,127871,98484,82.28
1976-10-06,1096,1096,899,123074,122176,111.47
1976-10-07,1241,1241,1059,127189,126131,101.64
1976-10-08,1369,1369,23,131048,131026,95.71
1976-10-09,462,462,221,130830,130610,282.71
1976-10-10,99,99,10091,127997,117907,1190.98
1976-10-11,95,95,7777,65438,57662,606.97
1976-10-12,982,982,9826,122919,113094,115.17
1976-10-13,1061,1061,14342,122590,108249,102.03
1976-10-14,1323,1323,3577,122252,118676,89.7
1976-10-15,1437,1437,8105,123920,115816,80.6
1976-10-16,310,310,84981,117453,32473,104.75
1976-10-17,79,79,100958,118761,17804,225.37
1976-10-18,1002,1002,1838,125965,124128,123.88
1976-10-19,1167,1167,18,131040,131023,112.27
1976-10-20,1163,1163,250,128070,127821,109.91
1976-10-21,1317,1317,7043,130857,123815,94.01
1976-10-22,1256,1256,38692,113755,75064,59.76
1976-10-23,406,406,2136,97216,95081,234.19
1976-10-24,93,93,74862,100979,26118,280.84
1976-10-25,115,115,76488,122323,45836,398.57
1976-10-26,948,948,4234,118425,114192,120.46
1976-10-27,1191,1191,23,130890,130868,109.88
1976-10-28,1189,1189,13,131024,131012,110.19
1976-10-29,1244,1244,75,130931,130857,105.19
1976-10-30,384,384,6105,86371,80267,209.03
1976-10-31,99,99,38597,53384,14788,149.37
1976-11-01,905,905,6033,93751,87719,96.93
1976-11-02,1129,1129,20997,127311,106315,94.17
1976-11-03,1138,1138,2083,130900,128818,113.2
1976-11-04,1193,1193,897,130075,129179,108.28
1976-11-05,1414,1414,329,130357,130029,91.96
1976-11-06,447,447,2,131067,131066,293.21
1976-11-07,112,112,3821,15285,11465,102.37
1976-11-08,1001,1001,2341,104905,102565,102.46
1976-11-09,1147,1147,11714,103867,92154,80.34
1976-11-10,1256,1256,35777,129667,93891,74.75
1976-11-11,1211,1211,16783,129413,112631,93.01
1976-11-12,1276,1276,32781,129547,96767,75.84
1976-11-13,423,423,13713,124652,110940,262.27
1976-11-14,71,71,47811,114335,66525,936.97
1976-11-15,1025,1025,1901,130161,128261,125.13
1976-11-16,1188,1188,212,130876,130665,109.99
1976-11-17,1262,1262,188,131039,130852,103.69
1976-11-18,1110,1110,17478,128734,111257,100.23
1976-11-19,1337,1337,4845,83895,79051,59.13
1976-11-20,327,327,30150,104851,74702,228.45
1976-11-21,78,78,63986,88490,24505,314.17
1976-11-22,1009,1009,23569,121263,97695,96.82
1976-11-23,1132,1132,351,130413,130063,114.9
1976-11-24,1351,1351,61,130938,130878,96.87
1976-11-25,449,449,83,131040,130958,291.67
1976-11-26,1026,1026,3328,101930,98603,96.1
1976-11-27,299,299,17695,101374,83680,279.87
1976-11-28,69,69,26285,101220,74936,1086.03
1976-11-29,971,971,13293,120581,107289,110.49
1976-11-30,1164,1164,13280,128088,114809,98.63
1976-12-01,1149,1149,463,129915,129453,112.67
1976-12-02,917,917,10206,128773,118568,129.3
1976-12-03,1185,1185,75,130891,130817,110.39
1976-12-04,341,341,17,131045,131029,384.25
1976-12-05,71,71,5256,113669,108414,1526.96
1976-12-06,827,827,8948,60995,52048,62.94
1976-12-07,1077,1077,19781,100441,80661,74.89
1976-12-08,1059,1059,26189,106105,79917,75.46
1976-12-09,1046,1046,10263,225072,214810,205.36
1976-12-10,1125,1125,67661,121212,53552,47.6
1976-12-11,323,323,37029,117653,80625,249.61
1976-12-12,69,69,18367,130077,111711,1619.0
1976-12-13,928,928,2090,130883,128794,138.79
1976-12-14,1017,1017,28,131043,131016,128.83
1976-12-15,1076,1076,1080,64368,63289,58.82
1976-12-16,1038,1038,19236,86173,66938,64.49
1976-12-17,1010,1010,6522,100722,94201,93.27
1976-12-18,303,303,6131,74480,68350,225.58
1976-12-19,73,73,27848,63931,36084,494.3
1976-12-20,906,906,4425,109240,104816,115.69
1976-12-21,1084,1084,8046,116143,108098,99.72
1976-12-22,995,995,10426,107516,97091,97.58
1976-12-23,1041,1041,704,347441,346738,333.08
1976-12-24,137,137,32500,130657,98158,716.48
1976-12-25,27,27,4989,129644,124656,4616.89
1976-12-26,43,43,11620,127239,115620,2688.84
1976-12-27,650,650,9,131070,131062,201.63
1976-12-28,711,711,5311,105132,99822,140.4
1976-12-29,769,769,15321,76765,61445,79.9
1976-12-30,912,912,26221,107212,80992,88.81
1976-12-31,102,102,23811,93331,69521,681.58
1977-01-01,31,31,222,63936,63715,2055.32
1977-01-02,52,52,18505,59839,41335,794.9
1977-01-03,543,543,36778,115565,78788,145.1
1977-01-04,683,683,59845,115262,55418,81.14
1977-01-05,829,829,59730,120521,60792,73.33
1977-01-06,743,743,60899,112574,51676,69.55
1977-01-07,944,944,37020,127818,90799,96.19
1977-01-08,207,207,14169,130543,116375,562.2
1977-01-09,77,77,804,119973,119170,1547.66
1977-01-10,747,747,31,131005,130975,175.33
1977-01-11,952,952,171,131061,130891,137.49
1977-01-12,870,870,1681,129685,128005,147.13
1977-01-13,870,870,4260,180551,176292,202.63
1977-01-14,1071,1071,11007,129726,118720,110.85
1977-01-15,305,305,30736,95810,65075,213.36
1977-01-16,56,56,22596,76155,53560,956.43
1977-01-17,846,846,9911,127421,117511,138.9
1977-01-18,1043,1043,227,130550,130324,124.95
1977-01-19,1068,1068,1365,130859,129495,121.25
1977-01-20,861,861,1561,130956,129396,150.29
1977-01-21,965,965,3,131071,131069,135.82
1977-01-22,287,287,873,126499,125627,437.72
1977-01-23,114,114,14083,110190,96108,843.05
1977-01-24,908,908,4062,119818,115757,127.49
1977-01-25,976,976,19347,111867,92521,94.8
1977-01-26,942,942,579,120057,119479,126.84
1977-01-27,1014,1014,550,112816,112267,110.72
1977-01-28,1163,1163,1297,128557,127261,109.42
1977-01-29,277,277,12820,120453,107634,388.57
1977-01-30,95,95,39231,121144,81914,862.25
1977-01-31,869,869,15,131067,131053,150.81
1977-02-01,883,883,108,131056,130949,148.3
1977-02-02,953,953,856,130476,129621,136.01
1977-02-03,983,983,1947,131002,129056,131.29
1977-02-04,964,964,22008,242333,220326,228.55
1977-02-05,207,207,32294,129293,97000,468.6
1977-02-06,102,102,51335,182033,130699,1281.36
1977-02-07,905,905,6201,181422,175222,193.62
1977-02-08,1036,1036,2190,190702,188513,181.96
1977-02-09,1138,1138,395,127073,126679,111.32
1977-02-10,1027,1027,2,131065,131064,127.62
1977-02-11,947,947,787,119161,118375,125.0
1977-02-12,221,221,10142,221521,211380,956.47
1977-02-13,98,98,3713,31677,27965,285.36
1977-02-14,750,750,29366,250215,220850,294.47
1977-02-15,921,921,21814,251959,230146,249.89
1977-02-16,888,888,3550,240238,236689,266.54
1977-02-17,1073,1073,60818,252022,191205,178.2
1977-02-18,1097,1097,28939,241014,212076,193.32
1977-02-19,334,334,125561,221457,95897,287.12
1977-02-20,86,86,200043,221122,21080,245.12
1977-02-21,93,93,23600,230618,207019,2226.01
1977-02-22,845,845,128957,241852,112896,133.6
1977-02-23,1010,1010,26314,261031,234718,232.39
1977-02-24,1006,1006,10433,261848,251416,249.92
1977-02-25,1143,1143,10935,282149,271215,237.28
1977-02-26,339,339,12134,281640,269507,795.01
1977-02-27,89,89,261555,280659,19105,214.66
1977-02-28,977,977,51,282359,282309,288.95
1977-03-01,1013,1013,2517,272315,269799,266.34
1977-03-02,1056,1056,941,171718,170778,161.72
1977-03-03,990,990,27,282303,282277,285.13
1977-03-04,1239,1239,10110,128287,118178,95.38
1977-03-05,303,303,21224,222104,200881,662.97
1977-03-06,108,108,14216,98021,83806,775.98
1977-03-07,908,908,9540,107486,97947,107.87
1977-03-08,1059,1059,35142,95197,60056,56.71
1977-03-09,1114,1114,7532,122254,114723,102.98
1977-03-10,1076,1076,429,232125,231697,215.33
1977-03-11,1195,1195,17,131070,131054,109.67
1977-03-12,352,352,3422,96508,93087,264.45
1977-03-13,80,80,15246,72246,57001,712.51
1977-03-14,951,951,2471,115751,113281,119.12
1977-03-15,1128,1128,4131,114820,110690,98.13
1977-03-16,1047,1047,10380,191546,181167,173.03
1977-03-17,1031,1031,7023,126238,119216,115.63
1977-03-18,1205,1205,144,191457,191314,158.77
1977-03-19,401,401,37,131036,131000,326.68
1977-03-20,117,117,14544,192154,177611,1518.04
1977-03-21,900,900,14143,191133,176991,196.66
1977-03-22,1097,1097,6119,126296,120178,109.55
1977-03-23,1134,1134,458,126843,126386,111.45
1977-03-24,1193,1193,819,124408,123590,103.6
1977-03-25,1149,1149,1000,129445,128446,111.79
1977-03-26,425,425,272,261602,261331,614.9
1977-03-27,95,95,160,131045,130886,1377.75
1977-03-28,1035,1035,3463,120335,116873,112.92
1977-03-29,1153,1153,6169,121073,114905,99.66
1977-03-30,1058,1058,3172,126471,123300,116.54
1977-03-31,1133,1133,551,130849,130299,115.0
1977-04-01,997,997,56,131030,130975,131.37
1977-04-02,633,633,16876,99245,82370,130.13
1977-04-03,158,158,40883,114386,73504,465.22
1977-04-04,983,983,5918,126558,120641,122.73
1977-04-05,1085,1085,15025,129497,114473,105.51
1977-04-06,1114,1114,1371,130956,129586,116.32
1977-04-07,1134,1134,710,130085,129376,114.09
1977-04-08,801,801,100,131062,130963,163.5
1977-04-09,301,301,3908,128313,124406,413.31
1977-04-10,50,50,7937,69357,61421,1228.42
1977-04-11,629,629,4210,127348,123139,195.77
1977-04-12,986,986,2718,94865,92148,93.46
1977-04-13,1070,1070,5671,127212,121542,113.59
1977-04-14,1092,1092,24747,106152,81406,74.55
1977-04-15,1199,1199,3602,130402,126801,105.76
1977-04-16,338,338,16487,125466,108980,322.43
1977-04-17,102,102,2243,127186,124944,1224.94
1977-04-18,954,954,26,130939,130914,137.23
1977-04-19,1089,1089,45,131066,131022,120.31
1977-04-20,1114,1114,819,130652,129834,116.55
1977-04-21,1057,1057,6161,124887,118727,112.32
1977-04-22,1192,1192,15016,130313,115298,96.73
1977-04-23,341,341,9882,117945,108064,316.9
1977-04-24,113,113,22704,121570,98867,874.93
1977-04-25,952,952,161,129790,129630,136.17
1977-04-26,1126,1126,12,131022,131011,116.35
1977-04-27,1191,1191,3343,127248,123906,104.04
1977-04-28,1257,1257,7719,129431,121713,96.83
1977-04-29,1156,1156,4359,129474,125116,108.23
1977-04-30,379,379,25434,126811,101378,267.49
1977-05-01,104,104,15443,91717,76275,733.41
1977-05-02,886,886,7664,123963,116300,131.26
1977-05-03,943,943,861,130142,129282,137.1
1977-05-04,1320,1320,12,131070,131059,99.29
1977-05-05,1164,1164,4759,128764,124006,106.53
1977-05-06,1234,1234,10754,128810,118057,95.67
1977-05-07,362,362,25190,111681,86492,238.93
1977-05-08,87,87,33427,107504,74078,851.47
1977-05-09,991,991,2519,130864,128346,129.51
1977-05-10,965,965,22,131037,131016,135.77
1977-05-11,1286,1286,74,131055,130982,101.85
1977-05-12,894,894,19315,130496,111182,124.36
1977-05-13,1290,1290,104,130954,130851,101.43
1977-05-14,502,502,33,131033,131001,260.96
1977-05-15,290,290,7047,82701,75655,260.88
1977-05-16,961,961,4239,130842,126604,131.74
1977-05-17,1158,1158,9359,108028,98670,85.21
1977-05-18,1318,1318,22062,125851,103790,78.75
1977-05-19,765,765,2432,128320,125889,164.56
1977-05-20,1358,1358,1644,126974,125331,92.29
1977-05-21,376,376,643,129238,128596,342.01
1977-05-22,95,95,189,130992,130804,1376.88
1977-05-23,975,975,232,130784,130553,133.9
1977-05-24,1025,1025,5910,122528,116619,113.77
1977-05-25,1129,1129,21213,126262,105050,93.05
1977-05-26,1207,1207,3399,128635,125237,103.76
1977-05-27,1290,1290,1447,130634,129188,100.15
1977-05-28,361,361,9578,128464,118887,329.33
1977-05-29,93,93,556,128080,127525,1371.24
1977-05-30,78,78,113,130657,130545,1673.65
1977-05-31,927,927,13,131068,131056,141.38
1977-06-01,1008,1008,12796,119280,106485,105.64
1977-06-02,1072,1072,3712,120358,116647,108.81
1977-06-03,1164,1164,3442,122595,119154,102.37
1977-06-04,268,268,64875,119716,54842,204.63
1977-06-05,71,71,25157,91819,66663,938.92
1977-06-06,924,924,1063,125815,124753,135.01
1977-06-07,959,959,334,128502,128169,133.65
1977-06-08,1147,1147,283,130835,130553,113.82
1977-06-09,1072,1072,10,131052,131043,122.24
1977-06-10,1157,1157,1044,125643,124600,107.69
1977-06-11,259,259,2270,123392,121123,467.66
1977-06-12,63,63,40412,107641,67230,1067.14
1977-06-13,907,907,11172,123423,112252,123.76
1977-06-14,1022,1022,8447,108748,100302,98.14
1977-06-15,964,964,34048,129649,95602,99.17
1977-06-16,1046,1046,4217,130306,126090,120.54
1977-06-17,1089,1089,17,130736,130720,120.04
1977-06-18,248,248,5,131065,131061,528.47
1977-06-19,85,85,2697,113720,111024,1306.16
1977-06-20,943,943,2393,130110,127718,135.44
1977-06-21,995,995,11654,112279,100626,101.13
1977-06-22,1025,1025,32640,94495,61856,60.35
1977-06-23,1136,1136,22927,129303,106377,93.64
1977-06-24,1089,1089,19807,111028,91222,83.77
1977-06-25,226,226,15894,90412,74519,329.73
1977-06-26,74,74,68514,94432,25919,350.26
1977-06-27,841,841,4548,129368,124821,148.42
1977-06-28,1061,1061,74,130390,130317,122.82
1977-06-29,1049,1049,31,131047,131017,124.9
1977-06-30,1000,1000,1103,123739,122637,122.64
1977-07-01,1136,1136,1104,128632,127529,112.26
1977-07-02,331,331,303,130378,130076,392.98
1977-07-03,66,66,41408,58928,17521,265.47
1977-07-04,43,43,48092,112690,64599,1502.3
1977-07-05,848,848,1749,126381,124633,146.97
1977-07-06,1025,1025,38267,96436,58170,56.75
1977-07-07,1101,1101,2325,128969,126645,115.03
1977-07-08,1196,1196,966,127004,126039,105.38
1977-07-09,331,331,2709,129016,126308,381.6
1977-07-10,84,84,929,131021,130093,1548.73
1977-07-11,856,856,817,46981,46165,53.93
1977-07-12,1045,1045,5378,122461,117084,112.04
1977-07-13,1066,1066,752,126106,125355,117.59
1977-07-14,1003,1003,37551,100757,63207,63.02
1977-07-15,1018,1018,20379,123278,102900,101.08
1977-07-16,288,288,29109,116826,87718,304.58
1977-07-17,91,91,91280,124441,33162,364.42
1977-07-18,921,921,44410,130751,86342,93.75
1977-07-19,1044,1044,8553,129987,121435,116.32
1977-07-20,1054,1054,16,131071,131056,124.34
1977-07-21,1109,1109,3406,123672,120267,108.45
1977-07-22,1060,1060,5018,122811,117794,111.13
1977-07-23,358,358,20761,119254,98494,275.12
1977-07-24,89,89,32359,82476,50118,563.12
1977-07-25,973,973,4194,108016,103823,106.7
1977-07-26,1035,1035,3770,127081,123312,119.14
1977-07-27,1046,1046,2,127479,127478,121.87
1977-07-28,1092,1092,99,130758,130660,119.65
1977-07-29,1122,1122,29,131063,131035,116.79
1977-07-30,339,339,11111,108512,97402,287.32
1977-07-31,85,85,20856,43251,22396,263.48
1977-08-01,891,891,10573,115354,104782,117.6
1977-08-02,1057,1057,11564,126852,115289,109.07
1977-08-03,1031,1031,7194,116055,108862,105.59
1977-08-04,913,913,2944,130815,127872,140.06
1977-08-05,1162,1162,36,131038,131003,112.74
1977-08-06,538,538,181,130631,130451,242.47
1977-08-07,86,86,562,28986,28425,330.52
1977-08-08,897,897,19011,129369,110359,123.03
1977-08-09,1057,1057,1048,128212,127165,120.31
1977-08-10,1180,1180,2661,125338,122678,103.96
1977-08-11,1029,1029,895,130679,129785,126.13
1977-08-12,1117,1117,18,131026,131009,117.29
1977-08-13,374,374,8987,118753,109767,293.49
1977-08-14,68,68,29927,39423,9497,139.66
1977-08-15,776,776,5299,117560,112262,144.67
1977-08-16,1047,1047,4779,96546,91768,87.65
1977-08-17,958,958,1885,122792,120908,126.21
1977-08-18,1057,1057,711,123332,122622,116.01
1977-08-19,1070,1070,631,130967,130337,121.81
1977-08-20,362,362,1387,130588,129202,356.91
1977-08-21,101,101,1788,130861,129074,1277.96
1977-08-22,895,895,25,131044,131020,146.39
1977-08-23,950,950,9275,130915,121641,128.04
1977-08-24,1122,1122,22276,122842,100567,89.63
1977-08-25,1090,1090,2474,126354,123881,113.65
1977-08-26,1167,1167,1943,114058,112116,96.07
1977-08-27,263,263,50185,106440,56256,213.9
1977-08-28,76,76,10024,108408,98385,1294.54
1977-08-29,916,916,569,131014,130446,142.41
1977-08-30,1058,1058,689,130677,129989,122.86
1977-08-31,1183,1183,65,131057,130993,110.73
1977-09-01,1155,1155,5070,127619,122550,106.1
1977-09-02,1322,1322,8606,129892,121287,91.75
1977-09-03,441,441,3828,119687,115860,262.72
1977-09-04,133,133,30669,127818,97150,730.45
1977-09-05,84,84,25753,126564,100812,1200.14
1977-09-06,929,929,144,131022,130879,140.88
1977-09-07,1074,1074,76,131066,130991,121.97
1977-09-08,1121,1121,955,126485,125531,111.98
1977-09-09,1272,1272,4659,126305,121647,95.63
1977-09-10,347,347,2659,112429,109771,316.34
1977-09-11,70,70,50337,94435,44099,629.99
1977-09-12,1007,1007,154,110220,110067,109.3
1977-09-13,1099,1099,22004,121940,99937,90.93
1977-09-14,1093,1093,257,123064,122808,112.36
1977-09-15,973,973,247,131055,130809,134.44
1977-09-16,1363,1363,12,131038,131027,96.13
1977-09-17,267,267,3237,127220,123984,464.36
1977-09-18,84,84,13738,74897,61160,728.1
1977-09-19,1048,1048,6342,103385,97044,92.6
1977-09-20,1200,1200,8250,101524,93275,77.73
1977-09-21,1252,1252,4173,115283,111111,88.75
1977-09-22,1268,1268,311,119977,119667,94.37
1977-09-23,1212,1212,151,131053,130903,108.01
1977-09-24,280,280,17,131055,131039,468.0
1977-09-25,78,78,16903,63754,46852,600.67
1977-09-26,956,956,20303,129928,109626,114.67
1977-09-27,1030,1030,4770,127718,122949,119.37
1977-09-28,1017,1017,9684,108698,99015,97.36
1977-09-29,1076,1076,392,127976,127585,118.57
1977-09-30,1063,1063,43,313524,313482,294.9
1977-10-01,530,530,63,130373,130311,245.87
1977-10-02,118,118,10342,116661,106320,901.02
1977-10-03,854,854,14672,127225,112554,131.8
1977-10-04,1014,1014,26338,115142,88805,87.58
1977-10-05,1107,1107,7048,126136,119089,107.58
1977-10-06,834,834,3361,124709,121349,145.5
1977-10-07,1424,1424,237,130974,130738,91.81
1977-10-08,270,270,3489,102555,99067,366.91
1977-10-09,280,280,22667,54302,31636,112.99
1977-10-10,95,95,8447,110575,102129,1075.04
1977-10-11,869,869,652,130364,129713,149.27
1977-10-12,1290,1290,1801,130173,128373,99.51
1977-10-13,1210,1210,91,130704,130614,107.95
1977-10-14,1057,1057,22,131045,131024,123.96
1977-10-15,420,420,5436,130330,124895,297.37
1977-10-16,277,277,29841,119008,89168,321.91
1977-10-17,973,973,8621,126646,118026,121.3
1977-10-18,1056,1056,5736,126585,120850,114.44
1977-10-19,1213,1213,34,131025,130992,107.99
1977-10-20,1076,1076,1323,126684,125362,116.51
1977-10-21,1350,1350,1600,130656,129057,95.6
1977-10-22,344,344,5946,127009,121064,351.93
1977-10-23,165,165,29972,127635,97664,591.9
1977-10-24,118,118,114588,126189,11602,98.32
1977-10-25,979,979,1,130990,130990,133.8
1977-10-26,1212,1212,2782,130453,127672,105.34
1977-10-27,1144,1144,702,127078,126377,110.47
1977-10-28,1212,1212,86,131051,130966,108.06
1977-10-29,517,517,42,131060,131019,253.42
1977-10-30,72,72,450,77315,76866,1067.58
1977-10-31,1007,1007,10335,117515,107181,106.44
1977-11-01,929,929,7740,127764,120025,129.2
1977-11-02,1081,1081,620,130675,130056,120.31
1977-11-03,1148,1148,169,130985,130817,113.95
1977-11-04,1043,1043,1371,130107,128737,123.43
1977-11-05,492,492,240,127658,127419,258.98
1977-11-06,62,62,40846,117938,77093,1243.44
1977-11-07,847,847,340,130845,130506,154.08
1977-11-08,1088,1088,12,131069,131058,120.46
1977-11-09,1007,1007,5288,121929,116642,115.83
1977-11-10,1040,1040,9445,126198,116754,112.26
1977-11-11,1318,1318,8703,130527,121825,92.43
1977-11-12,427,427,1446,119726,118281,277.0
1977-11-13,108,108,14723,130792,116070,1074.72
1977-11-14,954,954,145,131071,130927,137.24
1977-11-15,1178,1178,2,131060,131059,111.26
1977-11-16,1120,1120,4476,112847,108372,96.76
1977-11-17,1206,1206,2960,118660,115701,95.94
1977-11-18,1415,1415,3710,125102,121393,85.79
1977-11-19,406,406,1332,92208,90877,223.83
1977-11-20,92,92,2210,115285,113076,1229.09
1977-11-21,928,928,21388,129920,108533,116.95
1977-11-22,986,986,4662,124705,120044,121.75
1977-11-23,1261,1261,458,128909,128452,101.87
1977-11-24,348,348,16622,107426,90805,260.93
1977-11-25,1084,1084,2041,129891,127851,117.94
1977-11-26,323,323,7647,128920,121274,375.46
1977-11-27,90,90,109387,119289,9903,110.03
1977-11-28,952,952,47,130706,130660,137.25
1977-11-29,1102,1102,7,131058,131052,118.92
1977-11-30,1277,1277,4090,125475,121386,95.06
1977-12-01,1132,1132,59,125415,125357,110.74
1977-12-02,1320,1320,1150,126874,125725,95.25
1977-12-03,386,386,12221,123810,111590,289.09
1977-12-04,74,74,39896,102981,63086,852.51
1977-12-05,1011,1011,4760,124464,119705,118.4
1977-12-06,1108,1108,4322,125342,121021,109.22
1977-12-07,1333,1333,430,129682,129253,96.96
1977-12-08,1140,1140,5548,129466,123919,108.7
1977-12-09,1197,1197,81,131000,130920,109.37
1977-12-10,557,557,204,110231,110028,197.54
1977-12-11,93,93,7966,119730,111765,1201.77
1977-12-12,1010,1010,159,131027,130869,129.57
1977-12-13,1080,1080,2797,128887,126091,116.75
1977-12-14,1110,1110,6066,126097,120032,108.14
1977-12-15,1178,1178,1823,119054,117232,99.52
1977-12-16,1148,1148,9727,122557,112831,98.28
1977-12-17,306,306,17620,112157,94538,308.95
1977-12-18,83,83,92752,114431,21680,261.2
1977-12-19,1009,1009,8594,123424,114831,113.81
1977-12-20,1122,1122,5310,124372,119063,106.12
1977-12-21,1081,1081,1181,131070,129890,120.16
1977-12-22,1078,1078,289,131055,130767,121.31
1977-12-23,1188,1188,26,131037,131012,110.28
1977-12-24,291,291,2808,119739,116932,401.83
1977-12-25,6,6,1405,12024,10620,1770.0
1977-12-26,104,104,12352,48445,36094,347.06
1977-12-27,755,755,13680,52379,38700,51.26
1977-12-28,952,952,938,117418,116481,122.35
1977-12-29,920,920,2638,128806,126169,137.14
1977-12-30,944,944,3094,128253,125160,132.58
1977-12-31,207,207,11203,108105,96903,468.13
1978-01-01,67,67,745,123490,122746,1832.03
1978-01-02,151,151,1268,130699,129432,857.17
1978-01-03,755,755,25693,82587,56895,75.36
1978-01-04,1074,1074,9399,130935,121537,113.16
1978-01-05,1109,1109,3826,96835,93010,83.87
1978-01-06,1137,1137,20509,127290,106782,93.92
1978-01-07,323,323,59733,124711,64979,201.17
1978-01-08,114,114,73402,127053,53652,470.63
1978-01-09,1021,1021,88297,130946,42650,41.77
1978-01-10,1099,1099,6312,129055,122744,111.69
1978-01-11,1081,1081,1321,130747,129427,119.73
1978-01-12,1141,1141,11,131053,131043,114.85
1978-01-13,1163,1163,998,129780,128783,110.73
1978-01-14,315,315,5163,129793,124631,395.65
1978-01-15,135,135,14075,62025,47951,355.19
1978-01-16,909,909,11428,117452,106025,116.64
1978-01-17,1224,1224,2295,125644,123350,100.78
1978-01-18,1144,1144,1068,128918,127851,111.76
1978-01-19,1167,1167,264,129718,129455,110.93
1978-01-20,1276,1276,6126,128601,122476,95.98
1978-01-21,283,283,172,131050,130879,462.47
1978-01-22,102,102,32553,129129,96577,946.83
1978-01-23,955,955,175,130219,130045,136.17
1978-01-24,1173,1173,22,130647,130626,111.36
1978-01-25,1144,1144,3,131068,131066,114.57
1978-01-26,1185,1185,2382,127847,125466,105.88
1978-01-27,1119,1119,16958,127881,110924,99.13
1978-01-28,490,490,112,124561,124450,253.98
1978-01-29,107,107,62211,112528,50318,470.26
1978-01-30,999,999,4888,120426,115539,115.65
1978-01-31,1252,1252,1015,122890,121876,97.35
1978-02-01,1088,1088,164,130823,130660,120.09
1978-02-02,1020,1020,23,131060,131038,128.47
1978-02-03,1108,1108,1912,130457,128546,116.02
1978-02-04,352,352,16257,124491,108235,307.49
1978-02-05,109,109,57399,93763,36365,333.62
1978-02-06,996,996,2114,102420,100307,100.71
1978-02-07,1094,1094,933,130253,129321,118.21
1978-02-08,1241,1241,1294,130583,129290,104.18
1978-02-09,1096,1096,2287,130720,128434,117.18
1978-02-10,1235,1235,25,130300,130276,105.49
1978-02-11,302,302,412,130721,130310,431.49
1978-02-12,115,115,83,130979,130897,1138.23
1978-02-13,973,973,172,129564,129393,132.98
1978-02-14,948,948,2067,129002,126936,133.9
1978-02-15,1160,1160,137,129223,129087,111.28
1978-02-16,1143,1143,7215,118087,110873,97.0
1978-02-17,1351,1351,1480,127096,125617,92.98
1978-02-18,495,495,164,130988,130825,264.29
1978-02-19,103,103,41207,120318,79112,768.08
1978-02-20,100,100,19356,107394,88039,880.39
1978-02-21,1032,1032,193,129099,128907,124.91
1978-02-22,1270,1270,320,130954,130635,102.86
1978-02-23,1219,1219,15,131065,131051,107.51
1978-02-24,1459,1459,7713,123408,115696,79.3
1978-02-25,340,340,16795,123650,106856,314.28
1978-02-26,94,94,45021,58910,13890,147.77
1978-02-27,1087,1087,13073,114425,101353,93.24
1978-02-28,1260,1260,3202,115911,112710,89.45
1978-03-01,1042,1042,1427,130516,129090,123.89
1978-03-02,1127,1127,2867,124752,121886,108.15
1978-03-03,1344,1344,1017,128411,127395,94.79
1978-03-04,346,346,2131,124733,122603,354.34
1978-03-05,110,110,16173,123416,107244,974.95
1978-03-06,986,986,13,131068,131056,132.92
1978-03-07,1204,1204,9,131051,131043,108.84
1978-03-08,1191,1191,783,130743,129961,109.12
1978-03-09,1209,1209,1754,121088,119335,98.71
1978-03-10,1409,1409,4643,120072,115430,81.92
1978-03-11,340,340,2505,100479,97975,288.16
1978-03-12,116,116,30449,129531,99083,854.16
1978-03-13,955,955,4006,117891,113886,119.25
1978-03-14,1235,1235,25,128326,128302,103.89
1978-03-15,1271,1271,84,130903,130820,102.93
1978-03-16,1267,1267,2,131053,131052,103.43
1978-03-17,1204,1204,86,130871,130786,108.63
1978-03-18,425,425,138,127262,127125,299.12
1978-03-19,197,197,1363,125747,124385,631.4
1978-03-20,1121,1121,2363,121591,119229,106.36
1978-03-21,1218,1218,137,102886,102750,84.36
1978-03-22,1322,1322,1208,128456,127249,96.25
1978-03-23,1188,1188,655,131007,130353,109.72
1978-03-24,1116,1116,24,131033,131010,117.39
1978-03-25,319,319,12,131064,131053,410.82
1978-03-26,106,106,554,120677,120124,1133.25
1978-03-27,728,728,2186,131009,128824,176.96
1978-03-28,1108,1108,1947,130744,128798,116.24
1978-03-29,1319,1319,8253,128197,119945,90.94
1978-03-30,1217,1217,17297,122961,105665,86.82
1978-03-31,1276,1276,7971,126345,118375,92.77
1978-04-01,450,450,5504,127942,122439,272.09
1978-04-02,85,85,363,131063,130701,1537.66
1978-04-03,1074,1074,4612,122019,117408,109.32
1978-04-04,1261,1261,4183,130135,125953,99.88
1978-04-05,1197,1197,6,130951,130946,109.4
1978-04-06,1203,1203,1683,127693,126011,104.75
1978-04-07,1269,1269,5866,126223,120358,94.84
1978-04-08,420,420,9735,94010,84276,200.66
1978-04-09,90,90,37671,93668,55998,622.2
1978-04-10,1048,1048,86,118684,118599,113.17
1978-04-11,1267,1267,9515,122785,113271,89.4
1978-04-12,1198,1198,2622,129552,126931,105.95
1978-04-13,1208,1208,4,131058,131055,108.49
1978-04-14,1291,1291,1277,119448,118172,91.54
1978-04-15,415,415,1286,116844,115559,278.46
1978-04-16,102,102,40231,58833,18603,182.38
1978-04-17,1069,1069,11045,129817,118773,111.11
1978-04-18,1314,1314,13964,129820,115857,88.17
1978-04-19,1312,1312,3908,128263,124356,94.78
1978-04-20,1138,1138,151,130857,130707,114.86
1978-04-21,1231,1231,1,131064,131064,106.47
1978-04-22,521,521,6162,129082,122921,235.93
1978-04-23,124,124,26321,108872,82552,665.74
1978-04-24,1031,1031,36447,111466,75020,72.76
1978-04-25,1127,1127,1157,115646,114490,101.59
1978-04-26,1279,1279,1762,126904,125143,97.84
1978-04-27,1298,1298,1419,128204,126786,97.68
1978-04-28,1335,1335,491,130567,130077,97.44
1978-04-29,412,412,6229,124905,118677,288.05
1978-04-30,115,115,119268,127678,8411,73.14
1978-05-01,634,634,127,130349,130223,205.4
1978-05-02,1095,1095,1,131070,131070,119.7
1978-05-03,1310,1310,2266,128748,126483,96.55
1978-05-04,991,991,3565,122192,118628,119.71
1978-05-05,1187,1187,2621,130902,128282,108.07
1978-05-06,375,375,1944,103025,101082,269.55
1978-05-07,106,106,28583,97886,69304,653.81
1978-05-08,1007,1007,12340,117282,104943,104.21
1978-05-09,1138,1138,9982,107037,97056,85.29
1978-05-10,1231,1231,2682,113286,110605,89.85
1978-05-11,1221,1221,24135,109320,85186,69.77
1978-05-12,1366,1366,1950,122493,120544,88.25
1978-05-13,242,242,31802,107627,75826,313.33
1978-05-14,109,109,79892,103859,23968,219.89
1978-05-15,861,861,24855,122832,97978,113.8
1978-05-16,1192,1192,474,129623,129150,108.35
1978-05-17,1216,1216,103,130890,130788,107.56
1978-05-18,1259,1259,4827,122635,117809,93.57
1978-05-19,1017,1017,983,129536,128554,126.41
1978-05-20,314,314,7189,123725,116537,371.14
1978-05-21,480,480,1129,94191,93063,193.88
1978-05-22,1052,1052,34807,129035,94229,89.57
1978-05-23,1239,1239,18677,123802,105126,84.85
1978-05-24,1160,1160,51,128166,128116,110.44
1978-05-25,1159,1159,2496,128108,125613,108.38
1978-05-26,1350,1350,3,154350,154348,114.33
1978-05-27,290,290,364,128749,128386,442.71
1978-05-28,88,88,7784,112267,104484,1187.32
1978-05-29,83,83,8510,90332,81823,985.82
1978-05-30,984,984,4699,118778,114080,115.93
1978-05-31,1176,1176,832,130251,129420,110.05
1978-06-01,1079,1079,183,130290,130108,120.58
1978-06-02,1273,1273,6735,92053,85319,67.02
1978-06-03,331,331,8216,128980,120765,364.85
1978-06-04,99,99,30395,89240,58846,594.4
1978-06-05,894,894,18183,115894,97712,109.3
1978-06-06,1212,1212,7439,118207,110769,91.39
1978-06-07,1254,1254,1440,130003,128564,102.52
1978-06-08,1195,1195,4,130684,130681,109.36
1978-06-09,1403,1403,1,131048,131048,93.41
1978-06-10,296,296,4675,127787,123113,415.92
1978-06-11,81,81,27301,121269,93969,1160.11
1978-06-12,970,970,29232,128532,99301,102.37
1978-06-13,1137,1137,15687,253164,237478,208.86
1978-06-14,1140,1140,8479,129287,120809,105.97
1978-06-15,1213,1213,1087,130284,129198,106.51
1978-06-16,1208,1208,83,127420,127338,105.41
1978-06-17,270,270,16416,127408,110993,411.09
1978-06-18,85,85,66745,124063,57319,674.34
1978-06-19,996,996,48,131042,130995,131.52
1978-06-20,1104,1104,11,131041,131031,118.69
1978-06-21,1138,1138,5471,128257,122787,107.9
1978-06-22,1103,1103,7540,66803,59264,53.73
1978-06-23,1080,1080,19619,116559,96941,89.76
1978-06-24,223,223,21599,44088,22490,100.85
1978-06-25,91,91,40363,109689,69327,761.84
1978-06-26,966,966,42025,125526,83502,86.44
1978-06-27,959,959,347,128686,128340,133.83
1978-06-28,1104,1104,15059,126746,111688,101.17
1978-06-29,977,977,4752,129158,124407,127.34
1978-06-30,1266,1266,8,131068,131061,103.52
1978-07-01,294,294,212,131043,130832,445.01
1978-07-02,97,97,4547,129955,125409,1292.88
1978-07-03,877,877,7238,92157,84920,96.83
1978-07-04,158,158,7390,126186,118797,751.88
1978-07-05,1004,1004,14348,111934,97587,97.2
1978-07-06,1238,1238,2759,125584,122826,99.21
1978-07-07,1226,1226,14479,125074,110596,90.21
1978-07-08,308,308,8277,127927,119651,388.48
1978-07-09,94,94,68858,122329,53472,568.85
1978-07-10,1051,1051,38363,127940,89578,85.23
1978-07-11,1205,1205,1166,126643,125478,104.13
1978-07-12,1187,1187,1070,130604,129535,109.13
1978-07-13,1201,1201,15,130988,130974,109.05
1978-07-14,972,972,7188,128219,121032,124.52
1978-07-15,494,494,1303,127249,125947,254.95
1978-07-16,87,87,31967,68008,36042,414.28
1978-07-17,1056,1056,6150,111703,105554,99.96
1978-07-18,1164,1164,5397,130943,125547,107.86
1978-07-19,1060,1060,218,130047,129830,122.48
1978-07-20,1141,1141,69,131060,130992,114.8
1978-07-21,1126,1126,128,130958,130831,116.19
1978-07-22,265,265,2248,124769,122522,462.35
1978-07-23,117,117,28431,130273,101843,870.45
1978-07-24,998,998,1332,82786,81455,81.62
1978-07-25,1052,1052,15041,126479,111439,105.93
1978-07-26,1101,1101,8280,120437,112158,101.87
1978-07-27,1134,1134,3492,130002,126511,111.56
1978-07-28,1198,1198,58,131029,130972,109.33
1978-07-29,201,201,8602,123675,115074,572.51
1978-07-30,104,104,11597,42312,30716,295.35
1978-07-31,929,929,1010,129449,128440,138.26
1978-08-01,1147,1147,11379,113673,102295,89.18
1978-08-02,1267,1267,28332,129263,100932,79.66
1978-08-03,1052,1052,9466,125534,116069,110.33
1978-08-04,1081,1081,5343,125063,119721,110.75
1978-08-05,259,259,43846,127222,83377,321.92
1978-08-06,98,98,69402,122153,52752,538.29
1978-08-07,885,885,827,130966,130140,147.05
1978-08-08,994,994,3,131057,131055,131.85
1978-08-09,969,969,5479,124562,119084,122.89
1978-08-10,895,895,18860,97574,78715,87.95
1978-08-11,1157,1157,21282,104218,82937,71.68
1978-08-12,284,284,22277,129730,107454,378.36
1978-08-13,78,78,2581,96469,93889,1203.71
1978-08-14,976,976,64284,121210,56927,58.33
1978-08-15,906,906,5082,117556,112475,124.14
1978-08-16,1232,1232,172,126580,126409,102.6
1978-08-17,1226,1226,234,130530,130297,106.28
1978-08-18,1181,1181,784,124147,123364,104.46
1978-08-19,182,182,3851,118658,114808,630.81
1978-08-20,71,71,43218,63484,20267,285.45
1978-08-21,1062,1062,11709,122502,110794,104.33
1978-08-22,1089,1089,1152,119289,118138,108.48
1978-08-23,1138,1138,31940,122932,90993,79.96
1978-08-24,1169,1169,42386,125250,82865,70.89
1978-08-25,1157,1157,498,126494,125997,108.9
1978-08-26,219,219,29039,125091,96053,438.6
1978-08-27,91,91,97190,124352,27163,298.49
1978-08-28,958,958,213,131050,130838,136.57
1978-08-29,1028,1028,78,205254,205177,199.59
1978-08-30,1127,1127,3694,127601,123908,109.94
1978-08-31,1063,1063,667,130199,129533,121.86
1978-09-01,1251,1251,911,119125,118215,94.5
1978-09-02,282,282,3757,115002,111246,394.49
1978-09-03,79,79,5047,120018,114972,1455.34
1978-09-04,74,74,56837,119130,62294,841.81
1978-09-05,834,834,573,129256,128684,154.3
1978-09-06,1091,1091,67,263527,263461,241.49
1978-09-07,1066,1066,19,131039,131021,122.91
1978-09-08,1250,1250,6722,126641,119920,95.94
1978-09-09,297,297,13319,126466,113148,380.97
1978-09-10,87,87,74193,103216,29024,333.61
1978-09-11,1010,1010,3504,122734,119231,118.05
1978-09-12,1123,1123,968,129960,128993,114.86
1978-09-13,1122,1122,121,131030,130910,116.68
1978-09-14,1240,1240,77,131071,130995,105.64
1978-09-15,1303,1303,3507,118333,114827,88.13
1978-09-16,336,336,27347,130913,103567,308.24
1978-09-17,123,123,9280,101276,91997,747.94
1978-09-18,1059,1059,323,127438,127116,120.03
1978-09-19,1308,1308,137,131014,130878,100.06
1978-09-20,1376,1376,3802,124012,120211,87.36
1978-09-21,1222,1222,425,131065,130641,106.91
1978-09-22,1140,1140,306,129678,129373,113.49
1978-09-23,470,470,656,130622,129967,276.53
1978-09-24,115,115,29165,80254,51090,444.26
1978-09-25,942,942,5484,126986,121503,128.98
1978-09-26,1132,1132,6078,119441,113364,100.14
1978-09-27,1225,1225,815,128788,127974,104.47
1978-09-28,1125,1125,23,130916,130894,116.35
1978-09-29,1323,1323,9752,115700,105949,80.08
1978-09-30,298,298,10561,119463,108903,365.45
1978-10-01,116,116,37526,105775,68250,588.36
1978-10-02,1031,1031,15982,129283,113302,109.9
1978-10-03,1149,1149,2025,128120,126096,109.74
1978-10-04,1234,1234,348,130783,130436,105.7
1978-10-05,1287,1287,35,131033,130999,101.79
1978-10-06,1407,1407,1435,119468,118034,83.89
1978-10-07,448,448,15,117817,117803,262.95
1978-10-08,120,120,11085,128343,117259,977.16
1978-10-09,109,109,47373,99658,52286,479.69
1978-10-10,862,862,5035,121961,116927,135.65
1978-10-11,1227,1227,1354,130664,129311,105.39
1978-10-12,1164,1164,21,131050,131030,112.57
1978-10-13,1376,1376,3766,130549,126784,92.14
1978-10-14,594,594,1522,126572,125051,210.52
1978-10-15,124,124,4154,70408,66255,534.31
1978-10-16,1070,1070,5463,127459,121997,114.02
1978-10-17,1174,1174,1102,130336,129235,110.08
1978-10-18,1310,1310,146,130974,130829,99.87
1978-10-19,1244,1244,73,130988,130916,105.24
1978-10-20,1260,1260,4647,127546,122900,97.54
1978-10-21,635,635,3096,122822,119727,188.55
1978-10-22,137,137,32823,92650,59828,436.7
1978-10-23,1014,1012,25468,111340,85873,84.69
1978-10-24,1101,1097,5358,121848,116491,105.8
1978-10-25,1262,1260,2451,129752,127302,100.87
1978-10-26,1238,1230,3,131043,131041,105.85
1978-10-27,1234,1229,1076,130422,129347,104.82
1978-10-28,488,488,1250,124042,122793,251.62
1978-10-29,110,110,819,130982,130164,1183.31
1978-10-30,1015,1015,10700,101097,90398,89.06
1978-10-31,1139,1139,18454,117117,98664,86.62
1978-11-01,977,977,3183,129505,126323,129.3
1978-11-02,1236,1236,147,130736,130590,105.66
1978-11-03,1215,1215,44,131054,131011,107.83
1978-11-04,633,633,5374,127102,121729,192.3
1978-11-05,112,112,15539,130564,115026,1027.02
1978-11-06,925,925,21160,91398,70239,75.93
1978-11-07,1187,1187,4444,128490,124047,104.5
1978-11-08,1148,1148,8753,111283,102531,89.31
1978-11-09,1274,1274,2528,119314,116787,91.67
1978-11-10,632,632,7978,119900,111923,177.09
1978-11-11,296,296,13826,117992,104167,351.92
1978-11-12,39,39,18401,114822,96422,2472.36
1978-11-13,811,811,1483,128557,127075,156.69
1978-11-14,735,735,44,131007,130964,178.18
1978-11-15,1293,1293,247,110825,110579,85.52
1978-11-16,1226,1226,213,129583,129371,105.52
1978-11-17,1270,1270,7999,129337,121339,95.54
1978-11-18,577,577,45050,127569,82520,143.02
1978-11-19,131,131,4164,108532,104369,796.71
1978-11-20,1109,1109,807,127874,127068,114.58
1978-11-21,1288,1288,1,131029,131029,101.73
1978-11-22,1424,1424,246,126968,126723,88.99
1978-11-23,415,415,1072,130387,129316,311.6
1978-11-24,1247,1247,2709,126694,123986,99.43
1978-11-25,558,558,9794,127154,117361,210.32
1978-11-26,121,121,24401,129132,104732,865.55
1978-11-27,1017,1017,16067,129853,113787,111.88
1978-11-28,1305,1305,493,130188,129696,99.38
1978-11-29,1165,1165,12,131041,131030,112.47
1978-11-30,1308,1308,2261,126408,124148,94.91
1978-12-01,1163,1163,1391,110806,109416,94.08
1978-12-02,337,337,1371,116527,115157,341.71
1978-12-03,351,351,1258,114224,112967,321.84
1978-12-04,345,345,4250,336661,332412,963.51
1978-12-05,866,866,8830,125375,116546,134.58
1978-12-06,1488,1488,1687,119871,118185,79.43
1978-12-07,1188,1188,14304,121847,107544,90.53
1978-12-08,1263,1263,3813,127151,123339,97.66
1978-12-09,515,515,8703,127192,118490,230.08
1978-12-10,262,262,5265,111439,106175,405.25
1978-12-11,884,884,10197,130523,120327,136.12
1978-12-12,1088,1088,297,130641,130345,119.8
1978-12-13,1055,1055,176,130948,130773,123.96
1978-12-14,1066,1066,20,130810,130791,122.69
1978-12-15,1252,1252,5080,124764,119685,95.6
1978-12-16,503,503,9684,129307,119624,237.82
1978-12-17,108,108,30468,83494,53027,490.99
1978-12-18,886,886,13311,122436,109126,123.17
1978-12-19,1086,1086,8857,107896,99040,91.2
1978-12-20,1047,1047,4159,123502,119344,113.99
1978-12-21,1113,1113,601,129685,129085,115.98
1978-12-22,1043,1043,483,130680,130198,124.83
1978-12-23,502,502,258,130673,130416,259.79
1978-12-24,111,111,11,131029,131019,1180.35
1978-12-25,7,7,12815,45480,32666,4666.57
1978-12-26,571,571,5655,126764,121110,212.1
1978-12-27,840,840,18562,123673,105112,125.13
1978-12-28,889,889,17701,104953,87253,98.15
1978-12-29,857,857,9923,89199,79277,92.51
1978-12-30,426,426,42597,89774,47178,110.75
1978-12-31,102,102,48765,121377,72613,711.89
1979-01-01,91,91,12115,56462,44348,487.34
1979-01-02,703,703,22929,129584,106656,151.72
1979-01-03,978,978,3502,98062,94561,96.69
1979-01-04,888,888,8552,102786,94235,106.12
1979-01-05,1126,1126,2292,124491,122200,108.53
1979-01-06,356,356,58121,109592,51472,144.58
1979-01-07,88,88,86682,103845,17164,195.05
1979-01-08,953,953,605,130016,129412,135.79
1979-01-09,1083,1083,691,129879,129189,119.29
1979-01-10,1204,1204,64,131067,131004,108.81
1979-01-11,1112,1112,74,130991,130918,117.73
1979-01-12,1115,1115,1289,129318,128030,114.83
1979-01-13,501,501,1785,129808,128024,255.54
1979-01-14,115,115,5172,101573,96402,838.28
1979-01-15,981,981,9102,126041,116940,119.2
1979-01-16,1065,1065,8411,130171,121761,114.33
1979-01-17,1151,1151,187,131027,130841,113.68
1979-01-18,1171,1171,14,131022,131009,111.88
1979-01-19,1140,1140,45,130926,130882,114.81
1979-01-20,607,607,1163,125592,124430,204.99
1979-01-21,193,193,433,130194,129762,672.34
1979-01-22,960,960,572,130810,130239,135.67
1979-01-23,1127,1127,6378,121313,114936,101.98
1979-01-24,969,969,8314,122218,113905,117.55
1979-01-25,1191,1191,10999,124372,113374,95.19
1979-01-26,1139,1139,4131,112892,108762,95.49
1979-01-27,461,461,40411,128716,88306,191.55
1979-01-28,184,184,13286,109186,95901,521.2
1979-01-29,988,988,15859,125196,109338,110.67
1979-01-30,1028,1028,76,128866,128791,125.28
1979-01-31,1071,1071,7,131048,131042,122.35
1979-02-01,1183,1183,11413,130853,119441,100.96
1979-02-02,1236,1236,1903,120919,119017,96.29
1979-02-03,523,523,28148,128622,100475,192.11
1979-02-04,78,78,55855,125778,69924,896.46
1979-02-05,916,916,1916,109306,107391,117.24
1979-02-06,1184,1184,8822,129952,121131,102.31
1979-02-07,958,958,822,125900,125079,130.56
1979-02-08,1173,1173,322,130335,130014,110.84
1979-02-09,1075,1075,7,130998,130992,121.85
1979-02-10,595,595,41,131066,131026,220.21
1979-02-11,180,180,2373,124472,122100,678.33
1979-02-12,1037,1037,5713,130359,124647,120.2
1979-02-13,951,951,13717,130140,116424,122.42
1979-02-14,1121,1121,11093,130546,119454,106.56
1979-02-15,1109,1109,1147,122104,120958,109.07
1979-02-16,1317,1317,3868,130512,126645,96.16
1979-02-17,594,594,488,125619,125132,210.66
1979-02-18,262,262,26654,126042,99389,379.35
1979-02-19,399,399,3703,113479,109777,275.13
1979-02-20,842,842,6227,126076,119850,142.34
1979-02-21,961,961,71,128042,127972,133.17
1979-02-22,1138,1138,26,130893,130868,115.0
1979-02-23,1220,1220,7459,130767,123309,101.07
1979-02-24,471,471,9482,130202,120721,256.31
1979-02-25,114,114,33864,63934,30071,263.78
1979-02-26,942,942,14147,126117,111971,118.87
1979-02-27,1024,1024,4894,126973,122080,119.22
1979-02-28,1195,1195,2797,131069,128273,107.34
1979-03-01,1197,1197,7,131044,131038,109.47
1979-03-02,1356,1356,58,131018,130961,96.58
1979-03-03,522,522,194,130780,130587,250.17
1979-03-04,272,272,1163,65696,64534,237.26
1979-03-05,1030,1030,371,115816,115446,112.08
1979-03-06,1094,1094,12829,113608,100780,92.12
1979-03-07,1278,1278,590,129303,128714,100.72
1979-03-08,1207,1207,5098,126299,121202,100.42
1979-03-09,1325,1325,1275,130946,129672,97.87
1979-03-10,418,418,5966,126707,120742,288.86
1979-03-11,265,265,9484,123038,113555,428.51
1979-03-12,939,939,123,131053,130931,139.44
1979-03-13,1207,1207,4,131069,131066,108.59
1979-03-14,1243,1243,4627,129914,125288,100.79
1979-03-15,1223,1223,4643,122080,117438,96.02
1979-03-16,1377,1377,340,131000,130661,94.89
1979-03-17,543,543,4615,107751,103137,189.94
1979-03-18,270,270,9285,108285,99001,366.67
1979-03-19,981,981,4620,130295,125676,128.11
1979-03-20,1142,1142,36,129619,129584,113.47
1979-03-21,1054,1054,2,131045,131044,124.33
1979-03-22,1177,1177,326,129755,129430,109.97
1979-03-23,1326,1326,6488,129249,122762,92.58
1979-03-24,360,360,4218,124526,120309,334.19
1979-03-25,302,302,37342,120732,83391,276.13
1979-03-26,1029,1029,1191,130274,129084,125.45
1979-03-27,1114,1114,238,130302,130065,116.75
1979-03-28,1145,1145,11,130901,130891,114.32
1979-03-29,1184,1184,42,131036,130995,110.64
1979-03-30,1313,1313,73,130979,130907,99.7
1979-03-31,350,350,12416,124619,112204,320.58
1979-04-01,107,107,2851,60947,58097,542.96
1979-04-02,899,899,10096,121301,111206,123.7
1979-04-03,1177,1177,12004,128861,116858,99.28
1979-04-04,1155,1155,682,130266,129585,112.19
1979-04-05,1118,1118,5639,130341,124703,111.54
1979-04-06,1249,1249,520,130652,130133,104.19
1979-04-07,408,408,531,130711,130181,319.07
1979-04-08,335,335,548,128347,127800,381.49
1979-04-09,1032,1032,4,131071,131068,127.0
1979-04-10,1197,1197,5973,113005,107033,89.42
1979-04-11,1188,1188,14279,123922,109644,92.29
1979-04-12,1269,1269,5349,125574,120226,94.74
1979-04-13,857,857,8297,105263,96967,113.15
1979-04-14,477,477,24691,89701,65011,136.29
1979-04-15,328,328,5046,102267,97222,296.41
1979-04-16,699,699,6130,109121,102992,147.34
1979-04-17,1080,1080,3586,129615,126030,116.69
1979-04-18,1149,1149,15,130769,130755,113.8
1979-04-19,1117,1117,1,131031,131031,117.31
1979-04-20,1106,1106,8351,123304,114954,103.94
1979-04-21,454,454,22120,104717,82598,181.93
1979-04-22,70,70,40013,129619,89607,1280.1
1979-04-23,964,964,44909,76339,31431,32.6
1979-04-24,1091,1091,3018,118982,115965,106.29
1979-04-25,997,997,3347,125643,122297,122.66
1979-04-26,1008,1008,13434,125232,111799,110.91
1979-04-27,1183,1183,1975,130891,128917,108.97
1979-04-28,419,419,10150,126254,116105,277.1
1979-04-29,118,118,1224,127340,126117,1068.79
1979-04-30,893,893,9,131066,131058,146.76
1979-05-01,849,849,660,130015,129356,152.36
1979-05-02,1086,1086,5111,126859,121749,112.11
1979-05-03,848,848,8640,124880,116241,137.08
1979-05-04,1120,1120,964,130791,129828,115.92
1979-05-05,435,435,8290,98283,89994,206.88
1979-05-06,50,50,35427,103799,68373,1367.46
1979-05-07,907,907,3837,130770,126934,139.95
1979-05-08,1143,1143,75,130587,130513,114.18
1979-05-09,1064,1064,90,130684,130595,122.74
1979-05-10,1198,1198,68,131008,130941,109.3
1979-05-11,1251,1251,46,130841,130796,104.55
1979-05-12,453,453,129,127752,127624,281.73
1979-05-13,108,108,10061,60902,50842,470.76
1979-05-14,962,962,18256,91536,73281,76.18
1979-05-15,1142,1142,10435,126267,115833,101.43
1979-05-16,1044,1044,15921,126588,110668,106.0
1979-05-17,1203,1203,13353,130801,117449,97.63
1979-05-18,1264,1264,1131,128055,126925,100.42
1979-05-19,613,613,18014,128573,110560,180.36
1979-05-20,105,105,1520,126253,124734,1187.94
1979-05-21,898,898,75,130811,130737,145.59
1979-05-22,1113,1113,53,131037,130985,117.69
1979-05-23,1231,1231,13810,99065,85256,69.26
1979-05-24,963,963,11361,130065,118705,123.27
1979-05-25,1236,1236,2460,128584,126125,102.04
1979-05-26,604,604,8724,114889,106166,175.77
1979-05-27,140,140,7806,109963,102158,729.7
1979-05-28,94,94,66691,94477,27787,295.61
1979-05-29,1051,1051,25440,128965,103526,98.5
1979-05-30,1097,1097,869,129652,128784,117.4
1979-05-31,1146,1146,832,130553,129722,113.2
1979-06-01,1254,1254,123,131047,130925,104.41
1979-06-02,553,553,6115,80003,73889,133.61
1979-06-03,80,80,12412,66689,54278,678.48
1979-06-04,818,818,26532,108908,82377,100.71
1979-06-05,1144,1144,3913,128967,125055,109.31
1979-06-06,1184,1184,4409,127897,123489,104.3
1979-06-07,1062,1062,4208,128975,124768,117.48
1979-06-08,1148,1148,478,130116,129639,112.93
1979-06-09,468,468,2316,130048,127733,272.93
1979-06-10,171,171,2351,130287,127937,748.17
1979-06-11,735,735,11,131050,131040,178.29
1979-06-12,1023,1023,13825,117259,103435,101.11
1979-06-13,1001,1001,13423,115510,102088,101.99
1979-06-14,1040,1040,14133,128404,114272,109.88
1979-06-15,1283,1283,17536,130047,112512,87.69
1979-06-16,611,611,14054,128221,114168,186.85
1979-06-17,83,83,45953,129232,83280,1003.37
1979-06-18,914,914,828,129804,128977,141.11
1979-06-19,1039,1039,597,128954,128358,123.54
1979-06-20,1035,1035,171,131065,130895,126.47
1979-06-21,1188,1188,6499,122547,116049,97.68
1979-06-22,1127,1127,6722,130333,123612,109.68
1979-06-23,643,643,18329,127872,109544,170.36
1979-06-24,97,97,49648,102271,52624,542.52
1979-06-25,880,880,24,129584,129561,147.23
1979-06-26,1237,1237,3062,130882,127821,103.33
1979-06-27,1086,1086,2760,130915,128156,118.01
1979-06-28,1142,1142,338,130410,130073,113.9
1979-06-29,1161,1161,2,131016,131015,112.85
1979-06-30,484,484,7675,128377,120703,249.39
1979-07-01,298,298,9562,93689,84128,282.31
1979-07-02,965,965,30681,128738,98058,101.61
1979-07-03,1185,1185,11823,116572,104750,88.4
1979-07-04,280,280,23753,63543,39791,142.11
1979-07-05,1109,1109,23773,123022,99250,89.5
1979-07-06,1053,1053,5287,111994,106708,101.34
1979-07-07,528,528,11386,130022,118637,224.69
1979-07-08,171,171,13563,128339,114777,671.21
1979-07-09,920,920,676,254534,253859,275.93
1979-07-10,990,990,115,130976,130862,132.18
1979-07-11,1106,1106,6,131062,131057,118.5
1979-07-12,1210,1210,9886,117351,107466,88.81
1979-07-13,1192,1192,3732,129042,125311,105.13
1979-07-14,691,691,33196,114158,80963,117.17
1979-07-15,201,201,28214,99689,71476,355.6
1979-07-16,928,928,49141,118071,68931,74.28
1979-07-17,1019,1019,4804,125031,120228,117.99
1979-07-18,1060,1060,580,130876,130297,122.92
1979-07-19,1124,1124,2354,128778,126425,112.48
1979-07-20,1116,1116,12,130880,130869,117.27
1979-07-21,435,435,17525,129882,112358,258.29
1979-07-22,218,218,23826,129401,105576,484.29
1979-07-23,812,812,22,131040,131019,161.35
1979-07-24,980,980,2446,130867,128422,131.04
1979-07-25,1008,1008,2638,128219,125582,124.59
1979-07-26,992,992,5715,88625,82911,83.58
1979-07-27,1108,1108,20680,105200,84521,76.28
1979-07-28,348,348,17393,84605,67213,193.14
1979-07-29,199,199,40073,84594,44522,223.73
1979-07-30,898,898,792,131023,130232,145.02
1979-07-31,1043,1043,22535,131043,108509,104.04
1979-08-01,1026,1026,5604,130969,125366,122.19
1979-08-02,1074,1074,6361,131006,124646,116.06
1979-08-03,1125,1125,24638,124992,100355,89.2
1979-08-04,416,416,23454,122540,99087,238.19
1979-08-05,189,189,25101,102991,77891,412.12
1979-08-06,836,836,12486,125317,112832,134.97
1979-08-07,1029,1029,480,130537,130058,126.39
1979-08-08,1139,1139,401,130774,130374,114.46
1979-08-09,1090,1090,1,131045,131045,120.22
1979-08-10,1201,1201,181,121173,120993,100.74
1979-08-11,347,347,8123,124539,116417,335.5
1979-08-12,194,194,14206,65461,51256,264.21
1979-08-13,1001,1001,8907,105579,96673,96.58
1979-08-14,1066,1066,26954,105573,78620,73.75
1979-08-15,1038,1038,34452,125242,90791,87.47
1979-08-16,1089,1089,34379,111567,77189,70.88
1979-08-17,1169,1169,47578,128430,80853,69.16
1979-08-18,427,427,47776,111973,64198,150.35
1979-08-19,209,209,65603,72447,6845,32.75
1979-08-20,1023,1023,13543,125922,112380,109.85
1979-08-21,1107,1107,4900,130615,125716,113.56
1979-08-22,1108,1108,3075,129588,126514,114.18
1979-08-23,1045,1045,6242,126737,120496,115.31
1979-08-24,1139,1139,668,130199,129532,113.72
1979-08-25,308,308,2739,125425,122687,398.33
1979-08-26,201,201,46244,130760,84517,420.48
1979-08-27,945,945,100,131052,130953,138.57
1979-08-28,1151,1151,252,130998,130747,113.59
1979-08-29,1108,1108,7076,131026,123951,111.87
1979-08-30,1139,1139,12051,70927,58877,51.69
1979-08-31,1242,1242,22504,112008,89505,72.07
1979-09-01,420,420,396,130855,130460,310.62
1979-09-02,119,119,5136,82326,77191,648.66
1979-09-03,70,70,8549,81387,72839,1040.56
1979-09-04,921,921,17713,124574,106862,116.03
1979-09-05,1069,1069,23775,124102,100328,93.85
1979-09-06,1061,1061,7360,125121,117762,110.99
1979-09-07,1197,1197,430,128572,128143,107.05
1979-09-08,321,321,7866,120178,112313,349.88
1979-09-09,76,76,71891,94141,22251,292.78
1979-09-10,1016,1016,3175,124701,121527,119.61
1979-09-11,1189,1189,36,130809,130774,109.99
1979-09-12,1199,1199,29,130829,130801,109.09
1979-09-13,1012,1012,485,130929,130445,128.9
1979-09-14,1247,1247,91,131018,130928,104.99
1979-09-15,489,489,7,131063,131057,268.01
1979-09-16,92,92,5484,93940,88457,961.49
1979-09-17,1028,1028,608,128944,128337,124.84
1979-09-18,1252,1252,17750,74792,57043,45.56
1979-09-19,1244,1244,21082,122470,101389,81.5
1979-09-20,923,923,29080,112306,83227,90.17
1979-09-21,1352,1352,6077,115199,109123,80.71
1979-09-22,500,500,17444,78062,60619,121.24
1979-09-23,77,77,61952,84546,22595,293.44
1979-09-24,958,958,7579,128036,120458,125.74
1979-09-25,1177,1177,2693,122925,120233,102.15
1979-09-26,1145,1145,30664,130876,100213,87.52
1979-09-27,1037,1037,16,130523,130508,125.85
1979-09-28,1221,1221,412,130753,130342,106.75
1979-09-29,283,283,28094,174026,145933,515.66
1979-09-30,54,54,115195,127360,12166,225.3
1979-10-01,1100,1100,11,131064,131054,119.14
1979-10-02,1096,1096,9,131062,131054,119.57
1979-10-03,924,924,5676,119332,113657,123.01
1979-10-04,1169,1169,5789,119728,113940,97.47
1979-10-05,1170,1170,11056,124950,113895,97.35
1979-10-06,481,481,9789,79156,69368,144.22
1979-10-07,273,273,7903,47008,39106,143.25
1979-10-08,116,116,41075,106696,65622,565.71
1979-10-09,847,847,39376,106333,66958,79.05
1979-10-10,1053,1053,12571,124286,111716,106.09
1979-10-11,1094,1094,39725,116771,77047,70.43
1979-10-12,1248,1248,52394,128630,76237,61.09
1979-10-13,323,323,69079,120317,51239,158.63
1979-10-14,61,61,21321,97651,76331,1251.33
1979-10-15,938,938,237,127373,127137,135.54
1979-10-16,1190,1190,47,130626,130580,109.73
1979-10-17,1124,1124,9,131069,131061,116.6
1979-10-18,1178,1178,270,127605,127336,108.1
1979-10-19,1178,1178,50,131067,131018,111.22
1979-10-20,311,311,136,131051,130916,420.95
1979-10-21,75,75,4662,34156,29495,393.27
1979-10-22,929,929,9213,119103,109891,118.29
1979-10-23,1139,1139,464,128401,127938,112.32
1979-10-24,1115,1115,18810,113970,95161,85.35
1979-10-25,1103,1103,27535,125367,97833,88.7
1979-10-26,1163,1163,43330,117014,73685,63.36
1979-10-27,651,651,22645,113344,90700,139.32
1979-10-28,106,106,36558,121436,84879,800.75
1979-10-29,1023,1023,4508,128152,123645,120.87
1979-10-30,1109,1109,31295,127967,96673,87.17
1979-10-31,1076,1076,1260,128898,127639,118.62
1979-11-01,921,921,1504,126515,125012,135.74
1979-11-02,1100,1100,1964,128944,126981,115.44
1979-11-03,519,519,14189,128643,114455,220.53
1979-11-04,78,78,2449,121885,119437,1531.24
1979-11-05,979,979,317,130956,130640,133.44
1979-11-06,1116,1116,3,131070,131068,117.44
1979-11-07,1123,1123,2473,130389,127917,113.91
1979-11-08,1072,1072,3870,125714,121845,113.66
1979-11-09,1320,1320,12222,119780,107559,81.48
1979-11-10,488,488,16302,128175,111874,229.25
1979-11-11,171,171,23148,123114,99967,584.6
1979-11-12,209,209,2039,98288,96250,460.53
1979-11-13,1034,1034,2340,126621,124282,120.2
1979-11-14,1196,1196,15009,125721,110713,92.57
1979-11-15,1173,1173,18139,130864,112726,96.1
1979-11-16,1369,1369,1033,130180,129148,94.34
1979-11-17,482,482,2405,111672,109268,226.7
1979-11-18,212,212,52770,113357,60588,285.79
1979-11-19,1006,1006,6431,128694,122264,121.53
1979-11-20,1249,1249,463,130759,130297,104.32
1979-11-21,1200,1200,1,131071,131071,109.23
1979-11-22,480,480,27,130769,130743,272.38
1979-11-23,1179,1179,752,130548,129797,110.09
1979-11-24,460,460,137,131035,130899,284.56
1979-11-25,94,94,1064,128072,127009,1351.16
1979-11-26,998,998,3206,122619,119414,119.65
1979-11-27,1271,1271,3040,127972,124933,98.3
1979-11-28,1145,1145,11646,119859,108214,94.51
1979-11-29,1110,1110,7246,129916,122671,110.51
1979-11-30,1286,1286,18565,115902,97338,75.69
1979-12-01,554,554,391,131065,130675,235.88
1979-12-02,228,228,43732,127770,84039,368.59
1979-12-03,926,926,40251,122507,82257,88.83
1979-12-04,1100,1100,11854,122367,110514,100.47
1979-12-05,1141,1141,11767,128729,116963,102.51
1979-12-06,1001,1001,36229,123770,87542,87.45
1979-12-07,1156,1156,8766,131029,122264,105.76
1979-12-08,405,405,333,130056,129724,320.31
1979-12-09,313,313,14012,129033,115022,367.48
1979-12-10,932,932,306,130706,130401,139.92
1979-12-11,1166,1166,203,130965,130763,112.15
1979-12-12,1109,1109,94,131070,130977,118.1
1979-12-13,1001,1001,922,129971,129050,128.92
1979-12-14,1083,1083,447,86271,85825,79.25
1979-12-15,424,424,839,129383,128545,303.17
1979-12-16,233,233,20297,95007,74711,320.65
1979-12-17,934,934,20604,121505,100902,108.03
1979-12-18,1098,1098,19365,129603,110239,100.4
1979-12-19,1101,1101,363,113406,113044,102.67
1979-12-20,1206,1206,4571,123634,119064,98.73
1979-12-21,1237,1237,4095,127410,123316,99.69
1979-12-22,506,506,5777,104616,98840,195.34
1979-12-23,177,177,6148,98352,92205,520.93
1979-12-24,108,108,74474,120560,46087,426.73
1979-12-25,14,14,80384,90887,10504,750.29
1979-12-26,678,678,20607,126839,106233,156.69
1979-12-27,940,940,415,127499,127085,135.2
1979-12-28,1013,1013,1625,131005,129381,127.72
1979-12-29,309,309,2673,124880,122208,395.5
1979-12-30,212,212,69545,129794,60250,284.2
1979-12-31,692,692,242,129731,129490,187.12
